mood_total_length,clip_total_length,length_ratio,mood_mean_direction_change,mood_max_direction_change,mood_direction_change_sum,mood_direction_change_std,clip_mean_direction_change,clip_max_direction_change,clip_direction_change_sum,num_segments,interpolation_steps,mood_cumulative_lengths,clip_cumulative_lengths,mood_direction_profile,clip_direction_profile,pair,left_path,right_path,training_steps,z_length_ratio,z_mood_mean_direction_change,creativity_score,rank_creativity,rank_length_ratio,rank_mood_mean_direction,rank_mood_direction_sum
747.3050537109375,157.06809997558594,4.757841050010128,20.52440643310547,23.44401741027832,389.9637145996094,1.706764578819275,0.0,0.0,0.0,20,21,"[  0.          25.23002052  52.61253357  82.30626678 113.97509766
 147.40014648 182.23040771 218.54118347 256.14312744 294.49719238
 333.36569214 373.00100708 413.19067383 453.63232422 494.24395752
 535.47137451 577.54504395 620.10351562 662.5604248  704.76104736
 747.30505371]","[  0.           7.853405    15.70681     23.560215    31.41362
  39.26702499  47.12042999  54.97383118  62.82723999  70.68064117
  78.53404999  86.3874588   94.24086761 102.09426117 109.94766998
 117.8010788  125.65448761 133.50788879 141.36128235 149.21469116
 157.06809998]","[21.105549 19.82569  20.137829 20.33356  20.666433 21.299538 21.114498
 21.736074 23.272789 23.444017 22.450558 21.45779  21.532454 20.870142
 19.261684 17.834091 17.54773  18.165585 17.907707]",[0. 0. 0. 0. 0. 0. 0. 0. 0. 0. 0. 0. 0. 0. 0. 0. 0. 0. 0.],00031,images/creativity/left/00031.jpg,images/creativity/right/00031.jpg,1000,2.3277603019555904,2.9307916507843013,5.258551952739891,2,2,2,2
438.717041015625,130.6582489013672,3.357744686650506,13.440320014953613,19.12204933166504,255.36607360839844,2.175799608230591,0.026534657925367355,0.03956468030810356,0.5041584968566895,20,21,"[  0.          24.15880013  48.84080887  74.63842773 101.4228363
 128.62019348 155.50758362 181.55033875 206.50691223 230.36404419
 253.21257019 275.12139893 296.12768555 316.27130127 335.61532593
 354.22796631 372.17861938 389.54098511 406.38262939 422.75662231
 438.7170105 ]","[  0.           6.5329113   13.0658226   19.59873581  26.13164711
  32.66455841  39.19747162  45.73038101  52.26329422  58.79620361
  65.32911682  71.86203003  78.39494324  84.92784882  91.46076202
  97.99367523 104.52658844 111.05950165 117.59240723 124.12532043
 130.65823364]","[19.12205   17.356552  15.504026  14.022765  13.359518  13.590609
 14.0847435 14.474363  14.393378  13.943151  13.39378   12.907571
 12.444543  11.970424  11.581311  11.245736  10.907987  10.615317
 10.448244 ]","[0.         0.         0.02797645 0.         0.02797645 0.02797645
 0.01978234 0.         0.02797645 0.03956468 0.02797645 0.02797645
 0.03956468 0.03956468 0.03956468 0.03956468 0.03956468 0.03956468
 0.03956468]",00173,images/creativity/left/00173.jpg,images/creativity/right/00173.jpg,1000,0.41361861392304555,0.5943485848709043,1.0079671987939498,10,12,10,10
358.9200439453125,166.33816528320312,2.1577732526640796,11.248699188232422,12.392216682434082,213.72528076171875,0.6124480366706848,0.0,0.0,0.0,20,21,"[  0.          14.19798756  28.97909927  44.47236633  60.72097015
  77.70545197  95.36664581 113.59601593 132.21858215 151.0632782
 170.07563782 189.28417969 208.67271423 228.13026428 247.50787354
 266.69146729 285.62564087 304.30545044 322.75082397 340.96600342
 358.92004395]","[  0.           8.31690788  16.63381577  24.95072556  33.26763153
  41.58453751  49.9014473   58.21835327  66.53526306  74.85217285
  83.16908264  91.48599243  99.80290222 108.11980438 116.43671417
 124.75362396 133.07054138 141.38745117 149.7043457  158.02125549
 166.33816528]","[11.462553 11.231998 10.917962 10.752297 10.757459 10.88148  11.159355
 11.779468 12.362758 12.392217 11.991333 11.593842 11.429046 11.381761
 11.312783 11.179242 10.883107 10.389419  9.86721 ]",[0. 0. 0. 0. 0. 0. 0. 0. 0. 0. 0. 0. 0. 0. 0. 0. 0. 0. 0.],00436,images/creativity/left/00436.jpg,images/creativity/right/00436.jpg,1000,-1.226922284797679,-0.1284824171032375,-1.3554047019009166,34,41,17,17
415.1007995605469,160.41714477539062,2.587633635679987,10.265939712524414,11.12992000579834,195.0528564453125,0.625984787940979,0.0,0.0,0.0,20,21,"[  0.          15.90717888  32.43767548  49.72209167  67.81785583
  86.71318817 106.34214783 126.61013794 147.41767883 168.66511536
 190.26115417 212.15965271 234.35768127 256.82623291 279.47088623
 302.17144775 324.84393311 347.45587158 370.00775146 392.53411865
 415.10079956]","[  0.           8.02085781  16.04171562  24.06257248  32.08342743
  40.10428619  48.12514496  56.14599991  64.16686249  72.18771362
  80.20857239  88.22943115  96.25028992 104.27114105 112.29199982
 120.31285858 128.33372498 136.35458374 144.37542725 152.39628601
 160.41714478]","[11.12992   10.652184  10.137932   9.699229   9.408636   9.297559
  9.321372   9.4152565  9.675911  10.09401   10.353585  10.346647
 10.303891  10.429036  10.691298  10.901813  11.018067  11.098171
 11.078337 ]",[0. 0. 0. 0. 0. 0. 0. 0. 0. 0. 0. 0. 0. 0. 0. 0. 0. 0. 0.],00478,images/creativity/left/00478.jpg,images/creativity/right/00478.jpg,1000,-0.6392386790850043,-0.45261194163799023,-1.0918506207229945,32,32,30,30
389.64349365234375,141.66188049316406,2.750517586635779,10.8832426071167,11.782294273376465,206.7816162109375,0.7029538154602051,0.003123527392745018,0.01978234015405178,0.05934701859951019,20,21,"[  0.          16.99533844  34.45761108  52.5067482   71.20025635
  90.51509094 110.3565979  130.57887268 151.0332489  171.62226868
 192.28704834 212.94462585 233.48948669 253.85133362 274.01397705
 293.98175049 313.72531128 333.17544556 352.28948975 371.09185791
 389.64352417]","[  0.           7.08309364  14.16618729  21.24928093  28.33237457
  35.41546631  42.49856186  49.58165359  56.66474915  63.74784088
  70.83093262  77.91402435  84.99711609  92.0802002   99.16329956
 106.2463913  113.32948303 120.41257477 127.4956665  134.57876587
 141.66186523]","[10.665846 10.522107 10.178325  9.848998  9.674021  9.746851 10.103436
 10.550776 10.785872 10.871761 11.114854 11.488696 11.761973 11.782294
 11.562414 11.420201 11.517466 11.631624 11.554097]","[0.         0.         0.         0.         0.         0.01978234
 0.01978234 0.01978234 0.         0.         0.         0.
 0.         0.         0.         0.         0.         0.
 0.        ]",00482,images/creativity/left/00482.jpg,images/creativity/right/00482.jpg,1000,-0.4165518919500201,-0.2490157427064294,-0.6655676346564495,25,30,20,20
321.95025634765625,132.86074829101562,2.4232157389514515,7.861021518707275,9.251725196838379,149.35940551757812,0.5651726126670837,0.0,0.0,0.0,20,21,"[  0.          13.39270306  27.01897621  40.97327423  55.32101822
  70.09742737  85.30957794 100.94104004 116.95804596 133.31416321
 149.95343018 166.81417847 183.83639526 200.97052002 218.18217468
 235.45001221 252.75878906 270.09085083 287.42056274 304.71658325
 321.95025635]","[  0.           6.64303827  13.28607655  19.9291153   26.57215309
  33.21519089  39.85823059  46.50126648  53.14430618  59.78734207
  66.43038177  73.07342529  79.71646118  86.35949707  93.00254059
  99.64558411 106.28862762 112.93166351 119.57469177 126.21772766
 132.86076355]","[9.251725  9.031699  8.740173  8.430327  8.134652  7.8843107 7.6904154
 7.5475616 7.45601   7.4290915 7.474567  7.565818  7.6491413 7.6832657
 7.6527834 7.5651956 7.456983  7.374562  7.341122 ]",[0. 0. 0. 0. 0. 0. 0. 0. 0. 0. 0. 0. 0. 0. 0. 0. 0. 0. 0.],00666,images/creativity/left/00666.jpg,images/creativity/right/00666.jpg,1000,-0.8640226001227899,-1.245791768416407,-2.109814368539197,42,37,44,44
451.42425537109375,157.3602294921875,2.8687315519802654,10.084418296813965,10.808531761169434,191.60394287109375,0.41724687814712524,0.017699986696243286,0.01978234015405178,0.33629974722862244,20,21,"[  0.          20.60647011  41.67845154  63.27612305  85.46760559
 108.25827789 131.54893494 155.18603516 179.02053833 202.92541504
 226.70362854 250.2696228  273.70870972 296.99819946 320.03897095
 342.76293945 365.14083862 387.16989136 408.87121582 430.28125
 451.42425537]","[  0.           7.86801147  15.73602295  23.60403633  31.4720459
  39.34005737  47.20807266  55.07608032  62.9440918   70.81210327
  78.68011475  86.54812622  94.4161377  102.28414154 110.15215302
 118.02016449 125.88817596 133.75619507 141.62420654 149.49221802
 157.36022949]","[10.6206    10.221082   9.959906   9.493511   9.343358   9.561743
  9.962551  10.1861105 10.256549  10.808532  10.298735   9.5198345
  9.550695   9.875358  10.175523  10.391048  10.524968  10.501629
 10.352218 ]","[0.01978234 0.01978234 0.01978234 0.01978234 0.01978234 0.01978234
 0.01978234 0.         0.         0.01978234 0.01978234 0.01978234
 0.01978234 0.01978234 0.01978234 0.01978234 0.01978234 0.01978234
 0.01978234]",00681,images/creativity/left/00681.jpg,images/creativity/right/00681.jpg,1000,-0.2549356738844673,-0.5124805581422632,-0.7674162320267306,27,25,32,32
320.5557556152344,160.71409606933594,1.9945714996706878,8.320233345031738,9.012622833251953,158.0844268798828,0.30763405561447144,0.025368308648467064,0.04423465579748154,0.48199787735939026,20,21,"[  0.          13.66167545  27.50086594  41.56274414  55.87486267
  70.4560318   85.32592773 100.49884033 115.97436523 131.74388123
 147.80282593 164.15296936 180.79031372 197.68910217 214.80566406
 232.09942627 249.54278564 267.11724854 284.81427002 302.63265991
 320.55581665]","[  0.           8.03570652  16.07141113  24.1071167   32.14282227
  40.17852783  48.2142334   56.24993515  64.28564453  72.3213501
  80.35705566  88.39276123  96.4284668  104.46416473 112.4998703
 120.53557587 128.57128906 136.60699463 144.64268494 152.6783905
 160.71409607]","[8.441199  8.376627  8.324588  8.342426  8.34725   8.240404  8.102829
 8.050983  8.077275  8.107673  8.0598545 7.9651356 7.9662943 8.097691
 8.283159  8.5135    8.791468  8.98345   9.012623 ]","[0.04423466 0.03956468 0.04423466 0.04423466 0.03956468 0.01978234
 0.         0.01978234 0.02797645 0.02797645 0.01978234 0.02797645
 0.02797645 0.01978234 0.         0.01978234 0.01978234 0.01978234
 0.01978234]",01028,images/creativity/left/01028.jpg,images/creativity/right/01028.jpg,1000,-1.4500435549758532,-1.0943364890663383,-2.5443800440421915,43,43,43,43
421.0010986328125,136.89019775390625,3.075465632606254,10.637742042541504,11.86336898803711,202.11709594726562,0.4905432462692261,0.012925378978252411,0.02797645330429077,0.2455821931362152,20,21,"[  0.          19.05961227  38.40010834  58.20244598  78.55116272
  99.42185974 120.72412872 142.34402466 164.16960144 186.0975647
 208.03938293 229.93406677 251.74975586 273.46096802 295.04266357
 316.47235107 337.72473145 358.79693604 379.71105957 400.46398926
 421.00109863]","[  0.           6.84451008  13.68902016  20.53353119  27.37804031
  34.22254944  41.06706238  47.9115715   54.75608444  61.60059357
  68.44510651  75.28961945  82.13413239  88.9786377   95.82315063
 102.66766357 109.51217651 116.35668945 123.20119476 130.04570007
 136.89021301]","[11.863369  11.589287  11.030925  10.596316  10.409927  10.410702
 10.476379  10.549712  10.647101  10.771045  10.829038  10.786785
 10.7356825 10.6206    10.49983   10.472359  10.321423   9.944928
  9.561681 ]","[0.01978234 0.01978234 0.01978234 0.01978234 0.01978234 0.01978234
 0.02797645 0.01978234 0.01978234 0.         0.         0.01978234
 0.         0.         0.01978234 0.01978234 0.         0.
 0.        ]",01208,images/creativity/left/01208.jpg,images/creativity/right/01208.jpg,1000,0.027700816302346845,-0.3299856882889373,-0.3022848719865905,20,19,23,23
543.8882446289062,150.46932983398438,3.6146119958731013,14.591172218322754,17.576929092407227,277.2322692871094,0.9199112057685852,0.03981959447264671,0.04423465579748154,0.7565723061561584,20,21,"[  0.          26.03349876  52.49530029  79.96417999 108.40507507
 137.52441406 167.05137634 196.64024353 226.08706665 255.16850281
 283.71777344 311.73812866 339.34060669 366.55459595 393.37329102
 419.75778198 445.60040283 470.82992554 495.52474976 519.84906006
 543.88818359]","[  0.           7.52346754  15.04693508  22.57040405  30.09387207
  37.61734009  45.14080811  52.66427231  60.18774033  67.71120453
  75.23467255  82.75814056  90.28160858  97.80506897 105.32853699
 112.852005   120.37547302 127.89894104 135.4223938  142.94586182
 150.46932983]","[17.57693  16.409647 15.125762 14.793471 14.450528 14.341284 14.27249
 14.008353 14.470524 14.856736 14.677603 14.134601 13.935241 13.766236
 13.80088  14.111102 14.425724 14.260779 13.814389]","[0.04423466 0.04423466 0.04423466 0.03956468 0.03956468 0.02797645
 0.03956468 0.03956468 0.02797645 0.03956468 0.03956468 0.03956468
 0.03956468 0.04423466 0.04423466 0.04423466 0.03956468 0.03956468
 0.03956468]",01271,images/creativity/left/01271.jpg,images/creativity/right/01271.jpg,1000,0.7647947456115082,0.973917733485904,1.7387124790974122,7,11,5,5
488.1192932128906,132.70687866210938,3.678176279435461,13.831404685974121,15.529468536376953,262.79669189453125,1.0573487281799316,0.014724449254572392,0.02797645330429077,0.2797645330429077,20,21,"[  0.          20.44860077  41.63786316  64.07080841  88.01023865
 113.40831757 139.93292236 167.11308289 194.49415588 221.65875244
 248.32221985 274.41281128 299.94775391 324.95578003 349.48703003
 373.60134888 397.34729004 420.6987915  443.61297607 466.08944702
 488.11935425]","[  0.           6.63534403  13.27068806  19.90603256  26.54137611
  33.17671967  39.81206512  46.44740677  53.08275223  59.71809387
  66.35343933  72.98878479  79.62413025  86.25946808  92.89481354
  99.530159   106.16550446 112.80084991 119.43618774 126.0715332
 132.70687866]","[15.529469  15.093574  14.104895  13.115559  12.236961  11.963028
 11.968875  12.382315  13.327703  14.230179  14.621604  14.863847
 14.9140215 14.773034  14.406259  13.992968  13.890728  13.776408
 13.605265 ]","[0.02797645 0.02797645 0.02797645 0.02797645 0.         0.
 0.02797645 0.02797645 0.02797645 0.         0.         0.02797645
 0.02797645 0.         0.         0.         0.02797645 0.
 0.        ]",01547,images/creativity/left/01547.jpg,images/creativity/right/01547.jpg,1000,0.8516966533806829,0.7233344574104535,1.5750311107911363,9,8,7,7
482.72491455078125,156.04051208496094,3.0935870954329294,11.34244155883789,12.507161140441895,215.5063934326172,0.5563046336174011,0.01785227470099926,0.03426402062177658,0.3391932249069214,20,21,"[  0.          21.43533516  43.52405548  66.3991394   90.04044342
 114.34147644 139.16415405 164.36700439 189.81401062 215.35754395
 240.83964539 266.13388062 291.14312744 315.80236816 340.13809204
 364.23150635 388.14736938 411.92922974 435.61077881 459.21087646
 482.72491455]","[  0.           7.80202532  15.60405064  23.40607643  31.20810127
  39.01012421  46.81215286  54.61417389  62.41620255  70.21822357
  78.02024841  85.82227325  93.6242981  101.42631531 109.22834015
 117.03036499 124.83238983 132.63441467 140.43643188 148.23846436
 156.04049683]","[12.507161  11.8030815 11.216664  10.8795805 10.7638235 10.79585
 10.901669  11.050719  11.34031   11.650344  11.768841  11.928296
 12.095316  11.942349  11.610738  11.2625    10.950694  10.650576
 10.387885 ]","[0.01978234 0.01978234 0.01978234 0.         0.01978234 0.
 0.         0.01978234 0.01978234 0.01978234 0.01978234 0.01978234
 0.01978234 0.01978234 0.01978234 0.02797645 0.01978234 0.01978234
 0.03426402]",01577,images/creativity/left/01577.jpg,images/creativity/right/01577.jpg,1000,0.052475573492228984,-0.0975647096029143,-0.04508913611068532,16,18,16,16
424.7377014160156,144.23516845703125,2.944758244190273,10.270674705505371,11.588708877563477,195.142822265625,0.5945418477058411,0.002944889711216092,0.02797645330429077,0.05595290660858154,20,21,"[  0.          17.7002182   35.75921631  54.388134    73.7114563
  93.73945618 114.40296936 135.61108398 157.27757263 179.31594849
 201.64686584 224.20863342 246.93521118 269.71853638 292.41195679
 314.89407349 337.13430786 359.18737793 381.12414551 402.9777832
 424.73776245]","[  0.           7.21175814  14.42351532  21.63527489  28.84703255
  36.05879211  43.27055359  50.48230743  57.69406891  64.90582275
  72.11758423  79.3293457   86.54110718  93.75286102 100.9646225
 108.17638397 115.38814545 122.59990692 129.81166077 137.02342224
 144.23518372]","[11.588709  11.366574  10.797363  10.198597   9.822569   9.683386
  9.614129   9.582854   9.670688   9.807444   9.852791   9.820347
  9.909152  10.253881  10.691114  10.913796  10.814559  10.5409975
 10.213861 ]","[0.         0.         0.         0.         0.         0.
 0.         0.         0.         0.02797645 0.02797645 0.
 0.         0.         0.         0.         0.         0.
 0.        ]",01736,images/creativity/left/01736.jpg,images/creativity/right/01736.jpg,1000,-0.1509957846234195,-0.45105026651652946,-0.602046051139949,24,23,29,29
443.5569763183594,158.84930419921875,2.792312994724096,10.33867359161377,12.56502914428711,196.43479919433594,0.8465856909751892,0.005205878987908363,0.01978234015405178,0.09891170263290405,20,21,"[  0.          17.37212563  35.3558197   54.1161499   73.73365784
  94.2151947  115.50648499 137.50135803 160.0697937  183.08979797
 206.45259094 230.06323242 253.84405518 277.72253418 301.62298584
 325.48117065 349.26062012 372.95059204 396.55596924 420.08792114
 443.55703735]","[  0.           7.94246483  15.88492966  23.82739639  31.76985931
  39.71232605  47.65479279  55.59725571  63.53972244  71.48218536
  79.4246521   87.36711884  95.30958557 103.25204468 111.19451141
 119.13697815 127.07944489 135.02191162 142.96437073 150.90684509
 158.8493042 ]","[12.565029  12.164308  11.617574  11.071457  10.5887    10.224757
 10.0504055  9.975217   9.90933    9.876472   9.845385   9.779919
  9.749735   9.80997    9.897774   9.936144   9.90262    9.803272
  9.666743 ]","[0.         0.         0.         0.         0.01978234 0.01978234
 0.01978234 0.         0.         0.01978234 0.         0.
 0.         0.         0.         0.         0.01978234 0.
 0.        ]",01879,images/creativity/left/01879.jpg,images/creativity/right/01879.jpg,1000,-0.359411301427944,-0.42862316490315716,-0.7880344663311012,28,27,28,28
492.8286437988281,116.53014373779297,4.229194507026033,14.208305358886719,15.438222885131836,269.9577941894531,1.0605710744857788,0.0,0.0,0.0,20,21,"[  0.          21.91138268  44.37906647  67.6588974   91.83509064
 116.69441223 142.02511597 167.49530029 192.79302979 217.87185669
 242.74020386 267.45968628 292.20214844 317.17889404 342.48919678
 367.9609375  393.35147095 418.53762817 443.54794312 468.34631348
 492.82870483]","[  0.           5.82650757  11.65301514  17.47952271  23.30603027
  29.13253784  34.95904541  40.78555298  46.61206055  52.43856812
  58.26507568  64.09158325  69.91809082  75.74459076  81.57109833
  87.3976059   93.22411346  99.05062103 104.87712097 110.70362854
 116.53013611]","[15.326911  15.40505   14.779689  14.538156  14.443411  13.989055
 14.369824  14.750865  14.79109   15.148648  15.438223  15.42494
 14.6621065 13.644799  13.165656  13.003992  12.793838  12.118404
 12.16314  ]",[0. 0. 0. 0. 0. 0. 0. 0. 0. 0. 0. 0. 0. 0. 0. 0. 0. 0. 0.],01933,images/creativity/left/01933.jpg,images/creativity/right/01933.jpg,1000,1.605021201532521,0.8476422243948194,2.4526634259273403,4,3,6,6
393.1823425292969,158.2794189453125,2.484102766798419,10.151200294494629,10.91415786743164,192.872802734375,0.2969142198562622,0.016457363963127136,0.03426402062177658,0.3126899302005768,20,21,"[  0.          18.24531364  36.64065552  55.30511856  74.29167175
  93.59246826 113.16503143 132.96992493 152.99150085 173.20980835
 193.56678772 213.98622131 234.40925598 254.78816223 275.06912231
 295.2041626  315.16635132 334.94668579 354.54574585 373.96166992
 393.18234253]","[  0.           7.91397095  15.82794189  23.74191284  31.65588379
  39.56985474  47.48382568  55.39779282  63.31176758  71.22573853
  79.13970947  87.05368042  94.96765137 102.88161469 110.79558563
 118.70955658 126.62352753 134.5375061  142.45147705 150.365448
 158.27941895]","[10.914158 10.660143 10.321842 10.019125  9.84796   9.868286  9.947321
  9.889425  9.789544  9.843586  9.982232 10.062707 10.143325 10.283595
 10.394455 10.423527 10.360937 10.186787  9.933848]","[0.         0.         0.         0.03426402 0.03426402 0.01978234
 0.02797645 0.03426402 0.03426402 0.01978234 0.         0.03426402
 0.01978234 0.         0.         0.         0.01978234 0.03426402
 0.        ]",01986,images/creativity/left/01986.jpg,images/creativity/right/01986.jpg,1000,-0.7807809023994857,-0.49045480546242237,-1.271235707861908,33,35,31,31
482.50823974609375,154.57540893554688,3.1215071211442478,13.471977233886719,15.71342658996582,255.9675750732422,1.1519182920455933,0.039964620023965836,0.05233915150165558,0.75932776927948,20,21,"[  0.          21.82073212  44.32136917  67.57132721  91.47573853
 115.92727661 140.76257324 165.7487793  190.64012146 215.27761841
 239.72912598 264.17950439 288.77990723 313.50604248 338.24072266
 362.91592407 387.4135437  411.57949829 435.38937378 458.97845459
 482.50827026]","[  0.           7.72877026  15.45754051  23.18631172  30.91508102
  38.64384842  46.37261963  54.10138702  61.83016205  69.55892944
  77.28770447  85.01647949  92.74525452 100.47401428 108.20278931
 115.93156433 123.66033936 131.38911438 139.11787415 146.84664917
 154.57542419]","[15.713427  14.489603  14.000832  13.771057  13.490827  13.488938
 13.692593  14.263608  14.823628  14.917418  14.4669695 13.564555
 13.004554  12.496764  11.762693  11.486998  11.879588  12.29791
 12.355594 ]","[0.03426402 0.03426402 0.03426402 0.         0.03426402 0.03956468
 0.03956468 0.04423466 0.04423466 0.05233915 0.04423466 0.04423466
 0.04423466 0.04423466 0.04423466 0.04423466 0.04423466 0.04423466
 0.04845664]",01988,images/creativity/left/01988.jpg,images/creativity/right/01988.jpg,1000,0.09064643554399184,0.6047896333415768,0.6954360688855686,13,17,9,9
403.41839599609375,197.44515991210938,2.043192125730867,9.524781227111816,10.925929069519043,180.97084045410156,0.7417692542076111,0.0,0.0,0.0,20,21,"[  0.          15.32268715  31.17221832  47.64495087  64.79364014
  82.62547302 101.1124649  120.2101593  139.87167358 160.05000305
 180.69807434 201.77487183 223.23904419 245.02455139 267.04879761
 289.25534058 311.625      334.17712402 356.96405029 380.03579712
 403.418396  ]","[  0.           9.87225914  19.74451828  29.61677933  39.48903656
  49.36129379  59.23355484  69.10581207  78.97807312  88.85032654
  98.72258759 108.59484863 118.46710968 128.33935547 138.21162415
 148.08389282 157.9561615  167.82841492 177.70066833 187.57293701
 197.44519043]","[ 9.68988    9.4244795  9.081578   8.77259    8.610644   8.620584
  8.735632   8.878741   9.038072   9.195862   9.265543   9.282665
  9.474382   9.809368  10.125896  10.463261  10.714137  10.861581
 10.925929 ]",[0. 0. 0. 0. 0. 0. 0. 0. 0. 0. 0. 0. 0. 0. 0. 0. 0. 0. 0.],02140,images/creativity/left/02140.jpg,images/creativity/right/02140.jpg,1000,-1.3835718679723168,-0.69705766149087,-2.0806295294631867,41,42,36,36
520.2347412109375,159.67083740234375,3.2581700558132174,13.3135404586792,14.633071899414062,252.957275390625,0.5914534330368042,0.03090583346784115,0.05595290660858154,0.5872108340263367,20,21,"[  0.          27.03031158  54.67446518  83.02201843 111.91558838
 141.07293701 170.2517395  199.30349731 228.08406067 256.41641235
 284.12237549 311.10491943 337.36575317 362.79455566 387.23486328
 410.68292236 433.33123779 455.47073364 477.28536987 498.8626709
 520.23480225]","[  0.           7.98354149  15.96708393  23.95062637  31.93416786
  39.91770935  47.90125275  55.88479233  63.86833572  71.85187531
  79.8354187   87.8189621   95.80250549 103.78604126 111.76958466
 119.75312805 127.73667145 135.72021484 143.70375061 151.68728638
 159.6708374 ]","[14.633072  13.888068  13.235912  12.976144  13.1403675 13.26449
 13.182543  13.083251  13.131803  13.397376  13.343516  12.974881
 13.341415  13.841238  14.241358  13.846661  13.069802  12.461805
 11.903569 ]","[0.04423466 0.05595291 0.03426402 0.         0.02797645 0.
 0.         0.03426402 0.         0.03426402 0.04845664 0.03426402
 0.03426402 0.04845664 0.03426402 0.03956468 0.04845664 0.03426402
 0.03426402]",02145,images/creativity/left/02145.jpg,images/creativity/right/02145.jpg,1000,0.2774851612950076,0.5525346941766952,0.8300198554717029,12,13,12,12
428.41607666015625,153.06993103027344,2.798825829322587,9.946879386901855,11.270051002502441,188.99070739746094,0.8758870959281921,0.03780746087431908,0.05934702232480049,0.7183417677879333,20,21,"[  0.          20.82007217  41.73612213  62.97153854  84.68028259
 106.90643311 129.59228516 152.61102295 175.79684448 198.97717285
 222.00718689 244.77989197 267.20565796 289.20135498 310.70318604
 331.65844727 352.03164673 371.84075928 391.14529419 409.99813843
 428.41601562]","[  0.           7.65349579  15.30699158  22.96048927  30.61398315
  38.26747894  45.92097855  53.57447052  61.22797012  68.8814621
  76.53495789  84.18845367  91.84194946  99.49543762 107.14893341
 114.8024292  122.45592499 130.10942078 137.76290894 145.41641235
 153.06991577]","[11.270051  11.099131  10.588086   9.942594   9.372678   8.957804
  8.723211   8.707547   8.865455   9.054427   9.211769   9.449931
  9.751045   9.992984  10.3386965 10.7584095 10.992771  11.005819
 10.908312 ]","[0.03426402 0.05233915 0.02797645 0.         0.05233915 0.
 0.         0.         0.         0.05934702 0.05934702 0.05233915
 0.05233915 0.05934702 0.05233915 0.05233915 0.05233915 0.05233915
 0.05934702]",02166,images/creativity/left/02166.jpg,images/creativity/right/02166.jpg,1000,-0.3505072798630866,-0.5578430528083392,-0.9083503326714258,30,26,34,34
423.70458984375,142.23716735839844,2.9788598698407096,10.933398246765137,12.816180229187012,207.7345733642578,0.6894004940986633,0.0,0.0,0.0,20,21,"[  0.          20.63542747  41.40624237  62.56035614  84.18260956
 106.21511078 128.53991699 151.04399109 173.63259888 196.20600891
 218.64447021 240.83847046 262.71264648 284.20452881 305.25698853
 325.85498047 346.04785156 365.90847778 385.47589111 404.74609375
 423.70458984]","[  0.           7.11185741  14.22371483  21.3355732   28.44742966
  35.55928802  42.67115021  49.78300476  56.89486313  64.0067215
  71.11858368  78.23044586  85.34230804  92.4541626   99.56602478
 106.67788696 113.78974915 120.90161133 128.01345825 135.12532043
 142.23718262]","[12.81618   12.3065    11.562295  11.075528  10.994687  11.099432
 11.140512  11.023962  10.869787  10.812466  10.748545  10.610126
 10.550179  10.666473  10.767992  10.620859  10.2823515  9.977188
  9.809528 ]",[0. 0. 0. 0. 0. 0. 0. 0. 0. 0. 0. 0. 0. 0. 0. 0. 0. 0. 0.],02268,images/creativity/left/02268.jpg,images/creativity/right/02268.jpg,1000,-0.10437374845831722,-0.23247362427987087,-0.3368473727381881,21,22,19,19
488.21044921875,154.98983764648438,3.1499513557289287,11.063090324401855,13.940557479858398,210.19871520996094,1.0459667444229126,0.0,0.0,0.0,20,21,"[  0.          21.39553642  43.08116913  65.32520294  88.2370224
 111.82604218 136.08169556 160.96426392 186.38690186 212.18417358
 238.15376282 264.12905884 289.96920776 315.57641602 340.92236328
 366.03234863 390.93353271 415.62710571 440.08444214 464.27548218
 488.21047974]","[  0.           7.74949169  15.49898338  23.24847603  30.99796677
  38.74745941  46.49695206  54.24644089  61.99593353  69.74542236
  77.49491882  85.24441528  92.99391174 100.74339294 108.4928894
 116.24238586 123.99188232 131.74137878 139.49085999 147.24035645
 154.98985291]","[13.9405575 13.1649065 12.313068  11.699706  11.242198  10.902174
 10.729795  10.613964  10.71568   10.778899  10.821746  10.978793
 11.066103  10.898599  10.567176  10.263834   9.983729   9.810932
  9.706848 ]",[0. 0. 0. 0. 0. 0. 0. 0. 0. 0. 0. 0. 0. 0. 0. 0. 0. 0. 0.],02482,images/creativity/left/02482.jpg,images/creativity/right/02482.jpg,1000,0.12953396973632947,-0.1896991382541531,-0.060165168517823636,17,16,18,18
501.0512390136719,136.58975219726562,3.668293052395642,12.116227149963379,13.722511291503906,230.20831298828125,0.7017756700515747,0.0,0.0,0.0,20,21,"[  0.          22.46145439  45.52799988  69.30475616  93.76730347
 118.83789062 144.41497803 170.37916565 196.61599731 223.05020142
 249.59825134 276.1071167  302.40054321 328.36218262 353.97610474
 379.27142334 404.24835205 428.8835144  453.18469238 477.2182312
 501.05123901]","[  0.           6.82948828  13.65897655  20.48846436  27.3179512
  34.14743805  40.97692871  47.80641556  54.63590622  61.46539307
  68.29488373  75.12437439  81.95386505  88.78334808  95.61283875
 102.44232941 109.27182007 116.10131073 122.93079376 129.76028442
 136.58976746]","[13.722511  13.1589365 12.806631  12.66959   12.607032  12.577299
 12.586815  12.5288725 12.168278  11.730872  11.536862  11.658694
 11.884183  11.866292  11.639972  11.432768  11.376274  11.294838
 10.961601 ]",[0. 0. 0. 0. 0. 0. 0. 0. 0. 0. 0. 0. 0. 0. 0. 0. 0. 0. 0.],02718,images/creativity/left/02718.jpg,images/creativity/right/02718.jpg,1000,0.8381847999223867,0.15764194262769257,0.9958267425500793,11,9,14,14
418.1612243652344,131.7300567626953,3.1743797478090334,9.98752212524414,12.229208946228027,189.76292419433594,1.0422204732894897,0.0,0.0,0.0,20,21,"[  0.          17.50293732  35.40271759  53.81301498  72.73779297
  92.11610413 111.86064148 131.89926147 152.20593262 172.80751038
 193.77398682 215.17022705 236.99224854 259.16326904 281.58093262
 304.15042114 326.80252075 349.51190186 372.29266357 395.16937256
 418.16119385]","[  0.           6.58650303  13.17300606  19.75951004  26.34601212
  32.93251419  39.51902008  46.10552216  52.69202805  59.27853012
  65.86503601  72.45153809  79.03804016  85.62453461  92.21103668
  98.79753876 105.38404083 111.97054291 118.55703735 125.14353943
 131.7300415 ]","[12.229209  11.609617  10.994114  10.535191  10.2939205 10.306583
 10.449618  10.630027  10.710316  10.486648  10.022442   9.595934
  9.301806   9.096214   8.994401   8.938965   8.782481   8.51772
  8.267713 ]",[0. 0. 0. 0. 0. 0. 0. 0. 0. 0. 0. 0. 0. 0. 0. 0. 0. 0. 0.],02817,images/creativity/left/02817.jpg,images/creativity/right/02817.jpg,1000,0.16293124500667605,-0.5444384387798816,-0.3815071937732056,22,14,33,33
611.4104614257812,148.92535400390625,4.105482679663425,13.35194206237793,16.49860191345215,253.68690490722656,1.2749261856079102,0.016911443322896957,0.02797645330429077,0.3213174343109131,20,21,"[  0.          28.45441818  58.20726013  89.29931641 121.16877747
 153.36953735 185.7102356  217.99179077 250.15921021 282.29187012
 314.18759155 345.61993408 376.61682129 407.23178101 437.43762207
 467.21334839 496.58566284 525.61132812 554.37176514 582.95874023
 611.41046143]","[  0.           7.4462676   14.89253521  22.33880234  29.78506851
  37.23133469  44.67760468  52.12387085  59.57014084  67.0164032
  74.46266937  81.90893555  89.35520172  96.80146027 104.24772644
 111.69399261 119.14025879 126.58652496 134.03279114 141.47906494
 148.92533875]","[16.498602 14.876436 14.0949   14.407026 14.417579 14.22722  14.50244
 14.128811 13.185897 13.066706 13.140939 12.815904 12.486423 12.325937
 12.221096 12.108135 12.000074 11.776489 11.406274]","[0.01978234 0.01978234 0.         0.01978234 0.01978234 0.02797645
 0.01978234 0.01978234 0.01978234 0.01978234 0.02797645 0.01978234
 0.         0.02797645 0.01978234 0.01978234 0.         0.
 0.01978234]",03142,images/creativity/left/03142.jpg,images/creativity/right/03142.jpg,1000,1.4358885816253946,0.5652001467680063,2.001088728393401,5,4,11,11
370.0692138671875,143.68089294433594,2.5756327531355034,8.821507453918457,10.358525276184082,167.608642578125,0.6753107309341431,0.032408710569143295,0.03426402062177658,0.6157655119895935,20,21,"[  0.          16.67576218  33.54152298  50.74654388  68.38174438
  86.47311401 105.0020752  123.91954041 143.14422607 162.56628418
 182.06799316 201.54907227 220.94171143 240.20698547 259.31878662
 278.25497437 297.00198364 315.55877686 333.92880249 352.10614014
 370.06921387]","[  0.           7.18404436  14.36808872  21.55213356  28.73617744
  35.92021942  43.10426331  50.28830338  57.47235107  64.65639496
  71.84043884  79.02448273  86.20852661  93.39256287 100.57660675
 107.76065063 114.94469452 122.1287384  129.31277466 136.49682617
 143.68087769]","[10.358525 10.236909  9.880773  9.504727  9.199579  8.914668  8.63397
  8.434752  8.37508   8.436522  8.546539  8.607656  8.587598  8.542425
  8.511585  8.461786  8.336421  8.132287  7.906835]","[0.03426402 0.03426402 0.03426402 0.03426402 0.03426402 0.03426402
 0.03426402 0.01978234 0.01978234 0.03426402 0.03426402 0.02797645
 0.03426402 0.03426402 0.03426402 0.03426402 0.03426402 0.03426402
 0.03426402]",03179,images/creativity/left/03179.jpg,images/creativity/right/03179.jpg,1000,-0.6556456851831111,-0.9290084076881552,-1.5846540928712662,38,33,41,41
424.5155029296875,182.9150848388672,2.3208337535619328,11.730602264404297,12.947108268737793,222.88143920898438,0.6757797002792358,0.016301536932587624,0.02797645330429077,0.3097292184829712,20,21,"[  0.          16.91926765  34.01321411  51.50995636  69.69532013
  88.81996918 109.00349426 130.20988464 152.30574036 175.1506958
 198.61000061 222.50350952 246.60455322 270.6817627  294.51937866
 317.91165161 340.68078613 362.71313477 383.98162842 404.54684448
 424.51550293]","[  0.           9.14575386  18.29150772  27.43726349  36.58301544
  45.7287674   54.87452316  64.0202713   73.16603088  82.31178284
  91.45753479 100.60329437 109.74905396 118.89479828 128.04055786
 137.18630981 146.33206177 155.47781372 164.62356567 173.76931763
 182.91506958]","[12.067676  12.694853  12.947108  12.674635  12.119949  11.62127
 11.384201  11.301601  11.095298  10.851299  10.776854  10.866835
 10.999915  11.178273  11.484357  11.880384  12.25723   12.4412775
 12.238411 ]","[0.         0.         0.         0.01978234 0.02797645 0.02797645
 0.         0.01978234 0.01978234 0.01978234 0.02797645 0.01978234
 0.01978234 0.01978234 0.         0.01978234 0.02797645 0.01978234
 0.01978234]",03432,images/creativity/left/03432.jpg,images/creativity/right/03432.jpg,1000,-1.003994127416358,0.030456793163745045,-0.9735373342526129,31,40,15,15
377.85321044921875,137.117919921875,2.755680735709135,8.651822090148926,9.660537719726562,164.38461303710938,0.46426212787628174,0.030086150392889977,0.04423465579748154,0.5716368556022644,20,21,"[  0.          16.79055023  33.79555511  51.13227844  68.87458801
  87.04089355 105.60999298 124.54634857 143.80886841 163.34088135
 183.06555176 202.89878845 222.76554871 242.60392761 262.35870361
 281.97885132 301.43270874 320.72396851 339.87850952 358.91741943
 377.85317993]","[  0.           6.85589504  13.71179008  20.56768608  27.42358017
  34.27947617  41.13537598  47.99126816  54.84716797  61.70306015
  68.55895996  75.41485596  82.27075195  89.12664032  95.98253632
 102.83843231 109.69432831 116.5502243  123.40611267 130.26200867
 137.11790466]","[9.660538  9.568257  9.28093   8.952055  8.712622  8.559467  8.3951025
 8.19012   8.035485  8.010968  8.099072  8.234231  8.365321  8.508677
 8.698158  8.851661  8.844046  8.741027  8.676883 ]","[0.         0.         0.         0.         0.03426402 0.03956468
 0.03956468 0.03956468 0.03956468 0.03956468 0.03426402 0.03426402
 0.03956468 0.03956468 0.03426402 0.03956468 0.03426402 0.04423466
 0.03956468]",03969,images/creativity/left/03969.jpg,images/creativity/right/03969.jpg,1000,-0.40949309289770186,-0.9849733081939489,-1.3944664010916508,35,29,42,42
451.2103271484375,154.70516967773438,2.916582090232354,13.087175369262695,19.998931884765625,248.6563262939453,3.0108423233032227,0.0,0.0,0.0,20,21,"[  0.          24.08551979  48.57014847  73.91304016  99.93630981
 126.21176147 152.04870605 176.8789978  200.62081909 223.39131165
 245.37632751 266.75085449 287.67675781 308.32312012 328.84817505
 349.35284424 369.86602783 390.36727905 410.80255127 431.10336304
 451.21032715]","[  0.           7.73525953  15.47051907  23.20578003  30.94104004
  38.67630005  46.41156006  54.14681625  61.88207626  69.61733246
  77.35259247  85.08785248  92.82311249 100.55836487 108.29362488
 116.02888489 123.7641449  131.49940491 139.23464966 146.96990967
 154.70516968]","[19.998932 18.68306  17.679672 16.51609  14.58754  13.663217 13.355186
 13.015856 12.765446 12.299464 11.889919 11.579797 11.273982 10.860693
 10.491131 10.223795 10.022166  9.911572  9.838791]",[0. 0. 0. 0. 0. 0. 0. 0. 0. 0. 0. 0. 0. 0. 0. 0. 0. 0. 0.],04010,images/creativity/left/04010.jpg,images/creativity/right/04010.jpg,1000,-0.18951681239743642,0.477875929120292,0.2883591167228555,15,24,13,13
525.0481567382812,131.74880981445312,3.985221251544713,15.698240280151367,17.430946350097656,298.2665710449219,0.6709408164024353,0.0114529337733984,0.01978234015405178,0.21760573983192444,20,21,"[  0.          23.07509422  46.73454666  71.27384949  96.60249329
 122.48171234 148.71685791 175.17689514 201.7996521  228.63539124
 255.70651245 282.92474365 310.08908081 337.08914185 364.07080078
 391.15795898 418.24099731 445.11032104 471.75637817 498.34915161
 525.04815674]","[  0.           6.58744049  13.17488098  19.76232338  26.34976387
  32.93720245  39.52464676  46.11208344  52.69952393  59.2869606
  65.87440491  72.4618454   79.04928589  85.63671875  92.22415924
  98.81159973 105.39904022 111.98648071 118.57391357 125.16135406
 131.74879456]","[17.430946 16.142548 15.111202 14.745164 14.742655 14.940483 15.410719
 15.695776 15.407467 15.160211 15.245393 16.094315 16.54359  16.05061
 15.414175 15.501229 16.027458 16.315296 16.287313]","[0.         0.01978234 0.01978234 0.         0.         0.01978234
 0.         0.         0.         0.01978234 0.01978234 0.01978234
 0.01978234 0.01978234 0.01978234 0.01978234 0.         0.01978234
 0.        ]",04371,images/creativity/left/04371.jpg,images/creativity/right/04371.jpg,1000,1.2714731749086863,1.3390461839133139,2.610519358822,3,5,3,3
490.69091796875,129.79783630371094,3.7804244811954626,13.656054496765137,14.732881546020508,259.46502685546875,0.72939133644104,0.008150768466293812,0.02797645330429077,0.1548646092414856,20,21,"[  0.          24.13059998  48.3144455   72.52968597  96.71966553
 120.93100739 145.14555359 169.22457886 193.08581543 216.93261719
 241.01927185 265.39529419 290.00201416 314.7961731  339.75314331
 364.76742554 389.74090576 414.68063354 439.73608398 465.05496216
 490.69091797]","[  0.           6.48989296  12.97978592  19.46967888  25.95957184
  32.44946289  38.93935776  45.42924881  51.91914368  58.40903473
  64.89892578  71.38881683  77.87870789  84.36859131  90.85848236
  97.34837341 103.83826447 110.32815552 116.81803894 123.30792999
 129.79782104]","[14.732882 14.215736 14.152267 14.129565 13.638312 13.482407 13.666151
 13.843793 12.849239 12.354046 12.281994 12.729926 12.812685 13.337863
 13.739934 14.141746 14.504065 14.578493 14.27393 ]","[0.02797645 0.01978234 0.01978234 0.02797645 0.         0.
 0.         0.         0.         0.         0.         0.
 0.         0.         0.01978234 0.01978234 0.01978234 0.
 0.        ]",04398,images/creativity/left/04398.jpg,images/creativity/right/04398.jpg,1000,0.9914852783904248,0.6655012084209786,1.6569864868114035,8,7,8,8
411.65460205078125,148.59140014648438,2.770379723489811,10.6066255569458,11.290599822998047,201.52587890625,0.480487585067749,0.0,0.0,0.0,20,21,"[  0.          17.28808403  35.12719345  53.56665039  72.57660675
  92.06330109 111.91491699 132.06387329 152.51239014 173.28488159
 194.36831665 215.72132874 237.31590271 259.128479   281.09588623
 303.11569214 325.08703613 346.93618774 368.63882446 390.21429443
 411.65460205]","[  0.           7.42956972  14.8591404   22.28871155  29.71828079
  37.14785004  44.5774231   52.00699234  59.4365654   66.86613464
  74.2957077   81.72528076  89.15485382  96.58441925 104.01399231
 111.44356537 118.87313843 126.30271149 133.73226929 141.16183472
 148.59140015]","[10.3558655  9.994086   9.71869    9.670199   9.939291  10.443629
 10.892184  11.069999  11.108458  11.211116  11.2906    11.155103
 10.868591  10.677391  10.618246  10.630822  10.730969  10.711803
 10.438825 ]",[0. 0. 0. 0. 0. 0. 0. 0. 0. 0. 0. 0. 0. 0. 0. 0. 0. 0. 0.],04624,images/creativity/left/04624.jpg,images/creativity/right/04624.jpg,1000,-0.38939737233218386,-0.3402483944043494,-0.7296457667365333,26,28,24,24
440.3810729980469,147.72634887695312,2.9810597523455815,10.507369995117188,13.880084037780762,199.64002990722656,1.208491563796997,0.010411757044494152,0.01978234015405178,0.1978233903646469,20,21,"[  0.          24.08083153  48.24731827  72.76289368  97.64095306
 122.69946289 147.68365479 172.40209961 196.74716187 220.61941528
 243.91902161 266.57058716 288.51541138 309.72949219 330.2414856
 350.09902954 369.33508301 387.96853638 406.00921631 423.46942139
 440.38104248]","[  0.           7.38631678  14.77263451  22.15895271  29.54526901
  36.93158722  44.31790543  51.70421982  59.09053802  66.47685242
  73.86317444  81.24949646  88.63581848  96.02212524 103.40844727
 110.79476929 118.18109131 125.56741333 132.95372009 140.34004211
 147.72636414]","[13.880084 12.994549 11.963012 11.130663 10.73306  10.683582 10.572704
 10.333158 10.195337 10.07675  10.018634 10.076575 10.07917   9.89372
  9.694506  9.530854  9.373832  9.250684  9.159162]","[0.         0.01978234 0.01978234 0.         0.         0.01978234
 0.01978234 0.01978234 0.01978234 0.         0.         0.
 0.01978234 0.01978234 0.         0.         0.01978234 0.01978234
 0.        ]",04761,images/creativity/left/04761.jpg,images/creativity/right/04761.jpg,1000,-0.10136617917841102,-0.3729844390400532,-0.4743506182184642,23,21,26,26
394.8108825683594,165.058349609375,2.391947353785578,9.604025840759277,11.578725814819336,182.4764862060547,0.9867861866950989,0.0,0.0,0.0,20,21,"[  0.          18.66936684  37.58350372  56.81168365  76.35561371
  96.19337463 116.31497192 136.71743774 157.36677551 178.17427063
 199.01412964 219.76405334 240.33355713 260.66403198 280.71594238
 300.46331787 319.89978027 339.03860474 357.89831543 376.48864746
 394.81088257]","[  0.           8.25291824  16.50583649  24.75875473  33.01167297
  41.26459122  49.51750946  57.77042389  66.02334595  74.27626038
  82.52918243  90.78210449  99.03502655 107.28793335 115.54085541
 123.79377747 132.04669189 140.29960632 148.55252075 156.80543518
 165.05834961]","[11.578726  11.19927   10.9149685 10.7726345 10.664314  10.415256
  9.996014   9.556993   9.260728   9.137317   9.089644   9.022906
  8.931446   8.868246   8.845822   8.791692   8.650062   8.465847
  8.314605 ]",[0. 0. 0. 0. 0. 0. 0. 0. 0. 0. 0. 0. 0. 0. 0. 0. 0. 0. 0.],04963,images/creativity/left/04963.jpg,images/creativity/right/04963.jpg,1000,-0.9067711716709921,-0.6709215421469308,-1.5776927138179229,37,39,35,35
534.7479858398438,141.29043579101562,3.7847429859356927,14.669407844543457,16.29442024230957,278.71875,1.4021786451339722,0.0,0.0,0.0,20,21,"[  0.          30.24202919  61.70626831  93.86038208 126.07756042
 157.94241333 189.25469971 219.75296021 249.21250916 277.67401123
 305.22253418 331.93844604 357.85269165 382.88424683 406.93807983
 429.99630737 452.15710449 473.5758667  494.41189575 514.7802124
 534.74798584]","[  0.           7.06452131  14.12904358  21.19356537  28.25808716
  35.32260895  42.38713074  49.45164871  56.5161705   63.58068848
  70.64521027  77.70973206  84.77425385  91.83876801  98.90328979
 105.96781158 113.03233337 120.09685516 127.16136932 134.22589111
 141.29042053]","[16.29442  15.290602 15.258466 15.811836 15.966302 15.727379 15.912381
 16.166935 15.994659 15.811737 15.066676 14.33217  13.795025 13.653627
 13.530703 13.267481 12.808033 12.282059 11.748245]",[0. 0. 0. 0. 0. 0. 0. 0. 0. 0. 0. 0. 0. 0. 0. 0. 0. 0. 0.],05078,images/creativity/left/05078.jpg,images/creativity/right/05078.jpg,1000,0.9973893219759714,0.9997210729147364,1.9971103948907079,6,6,4,4
405.7429504394531,165.73977661132812,2.4480722656634804,9.138465881347656,11.467157363891602,173.630859375,0.845966100692749,0.01940225623548031,0.03426402062177658,0.3686428666114807,20,21,"[  0.          19.96730614  40.18441772  60.75387573  81.69932556
 102.96672058 124.44522858 146.00805664 167.55212402 189.00520325
 210.30691528 231.39889526 252.22648621 272.74066162 292.90338135
 312.68972778 332.08117676 351.0680542  369.66183472 387.88519287
 405.74295044]","[  0.           8.28698921  16.57397842  24.86096764  33.14795685
  41.43494415  49.72193527  58.00891876  66.2959137   74.582901
  82.86988831  91.15687561  99.44386292 107.73084259 116.0178299
 124.3048172  132.59181213 140.87879944 149.16578674 157.45277405
 165.73976135]","[11.467157 10.95623  10.337707  9.740999  9.289417  9.051171  8.956926
  8.85337   8.714695  8.610895  8.553545  8.543919  8.593314  8.65081
  8.68756   8.7556    8.80279   8.671652  8.393114]","[0.03426402 0.02797645 0.02797645 0.03426402 0.03426402 0.01978234
 0.01978234 0.01978234 0.         0.         0.01978234 0.03426402
 0.03426402 0.         0.         0.         0.03426402 0.02797645
 0.        ]",05356,images/creativity/left/05356.jpg,images/creativity/right/05356.jpg,1000,-0.8300400006072678,-0.8244705355848151,-1.6545105361920829,39,36,38,38
713.2498168945312,130.0958251953125,5.482495812788238,24.288402557373047,33.370033264160156,461.4796447753906,3.044212818145752,0.005205878987908363,0.01978234015405178,0.09891170263290405,20,21,"[  0.          30.82071304  63.64539337 100.0476532  137.32554626
 173.8266449  210.21542358 247.53967285 285.39886475 322.68005371
 358.55899048 393.56436157 428.27383423 463.02609253 498.03970337
 533.30096436 568.43310547 603.98406982 640.29650879 676.78393555
 713.24981689]","[  0.           6.50479174  13.00958347  19.51437569  26.01916695
  32.5239563   39.02874756  45.53353882  52.03833008  58.54312134
  65.0479126   71.55270386  78.05749512  84.56227875  91.06707001
  97.57186127 104.07665253 110.58144379 117.08622742 123.59101868
 130.09580994]","[33.370033 25.216597 23.219055 26.9002   27.75882  27.487492 25.16506
 24.269463 24.589582 25.128542 24.807266 23.166931 22.941875 21.217415
 21.65152  22.15763  20.689383 20.445864 21.296906]","[0.01978234 0.         0.01978234 0.01978234 0.         0.
 0.         0.         0.         0.         0.         0.01978234
 0.01978234 0.         0.         0.         0.         0.
 0.        ]",05358,images/creativity/left/05358.jpg,images/creativity/right/05358.jpg,1000,3.318472032351417,4.17221674437657,7.490688776727987,1,1,1,1
390.67279052734375,161.97491455078125,2.41193391958767,9.133731842041016,12.93132209777832,173.54090881347656,1.597884178161621,0.034395039081573486,0.04423465579748154,0.6535057425498962,20,21,"[  0.          21.19680595  42.50709915  64.04827881  85.77973938
 107.58839417 129.3528595  150.93327332 172.17466736 192.9491272
 213.19354248 232.91079712 252.13822937 270.91934204 289.29473877
 307.28863525 324.89160156 342.06576538 358.76834106 374.97146606
 390.67272949]","[  0.           8.09874439  16.19748878  24.29623413  32.39497757
  40.49372101  48.59246826  56.69120789  64.78995514  72.88869476
  80.98744202  89.08618927  97.18493652 105.28367615 113.3824234
 121.48117065 129.57992554 137.67866516 145.77740479 153.87615967
 161.97491455]","[12.931322  11.938471  11.038169  10.439257   9.954968   9.473967
  9.169476   9.115355   9.223004   9.287428   9.175667   8.935997
  8.627507   8.193522   7.68324    7.277666   7.060414   6.998183
  7.0173016]","[0.         0.03956468 0.04423466 0.         0.03956468 0.03956468
 0.         0.03426402 0.03956468 0.04423466 0.04423466 0.03956468
 0.04423466 0.04423466 0.02797645 0.03956468 0.04423466 0.04423466
 0.04423466]",05655,images/creativity/left/05655.jpg,images/creativity/right/05655.jpg,1000,-0.8794465390217158,-0.826031896169494,-1.7054784351912098,40,38,39,39
454.2995910644531,148.27813720703125,3.0638339516643898,10.795026779174805,13.804945945739746,205.1055145263672,1.3627991676330566,0.024887114763259888,0.03426402062177658,0.47285518050193787,20,21,"[  0.          25.89101601  51.92069244  78.14043427 104.37101746
 130.38237    156.00547791 181.17767334 205.884552   230.0639801
 253.61219788 276.45690918 298.58370972 320.00616455 340.75234985
 360.88269043 380.47860718 399.60113525 418.27630615 436.50915527
 454.29959106]","[  0.           7.41390705  14.8278141   22.24172211  29.6556282
  37.0695343   44.48344421  51.89735031  59.31126022  66.72516632
  74.13907623  81.55298615  88.96689606  96.38079834 103.79470825
 111.20861816 118.62252808 126.03643799 133.45033264 140.86424255
 148.27815247]","[13.804946 12.97628  12.356455 12.066466 12.011157 11.961364 11.597495
 10.991196 10.503315 10.249124 10.078487  9.921131  9.879339  9.901945
  9.775595  9.51031   9.284232  9.152101  9.084585]","[0.03426402 0.03426402 0.03426402 0.03426402 0.01978234 0.01978234
 0.01978234 0.02797645 0.03426402 0.01978234 0.02797645 0.01978234
 0.01978234 0.01978234 0.01978234 0.01978234 0.01978234 0.01978234
 0.02797645]",05688,images/creativity/left/05688.jpg,images/creativity/right/05688.jpg,1000,0.01179856416072259,-0.2781107095564273,-0.2663121453957047,19,20,22,22
258.47894287109375,153.88841247558594,1.6796517600836312,8.94100284576416,9.30917739868164,169.87905883789062,0.21101537346839905,0.0,0.0,0.0,20,21,"[  0.          10.24784565  20.67365456  31.37902832  42.44441605
  53.9284668   65.86208344  78.24347687  91.04618835 104.22393799
 117.71248627 131.44277954 145.35847473 159.41717529 173.57746887
 187.79359436 202.02124023 216.22264099 230.37179565 244.45843506
 258.47891235]","[  0.           7.69441986  15.38883972  23.08325958  30.77767944
  38.4720993   46.16651917  53.86093521  61.55535507  69.24977112
  76.94419098  84.63861084  92.3330307  100.02744293 107.72186279
 115.41628265 123.11070251 130.80513    138.49954224 146.19396973
 153.88839722]","[9.309177 9.294367 9.199793 9.12744  8.956707 8.786149 8.674709 8.580826
 8.553592 8.668933 8.852682 8.956795 8.973056 8.993396 9.019509 9.017962
 9.01404  9.002371 8.897551]",[0. 0. 0. 0. 0. 0. 0. 0. 0. 0. 0. 0. 0. 0. 0. 0. 0. 0. 0.],05698,images/creativity/left/05698.jpg,images/creativity/right/05698.jpg,1000,-1.8805860645510357,-0.8895969489330634,-2.770183013484099,44,44,40,40
447.7823181152344,141.27528381347656,3.1695729502581216,10.530391693115234,11.057273864746094,200.0774383544922,0.3671952486038208,0.001472444855608046,0.02797645330429077,0.02797645330429077,20,21,"[  0.          17.4154892   35.50330353  54.40010834  74.19037628
  94.9125824  116.55709076 138.99873352 162.01872253 185.44973755
 209.20043945 233.18058777 257.28692627 281.41860962 305.49249268
 329.46664429 353.33627319 377.10650635 400.78555298 424.36282349
 447.7822876 ]","[  0.           7.0637641   14.12752819  21.19129181  28.25505447
  35.31881714  42.38258362  49.44634628  56.51011276  63.57387543
  70.63764191  77.70140839  84.76517487  91.82893372  98.8927002
 105.95646667 113.02023315 120.08399963 127.14775848 134.21151733
 141.27528381]","[11.057274 10.959463 10.815124 10.76419  10.541894 10.057447  9.952479
 10.284207 10.463317 10.496382 10.569763 10.670476 10.801628 10.91165
 10.861127 10.689789 10.448583 10.062218  9.670423]","[0.         0.         0.         0.         0.         0.
 0.         0.         0.         0.         0.         0.
 0.         0.         0.         0.02797645 0.         0.
 0.        ]",05783,images/creativity/left/05783.jpg,images/creativity/right/05783.jpg,1000,0.15635963192423438,-0.3653915211282582,-0.2090318892040238,18,15,25,25
348.85211181640625,137.05548095703125,2.5453349941238477,9.257611274719238,10.132148742675781,175.8946075439453,0.4297972023487091,0.016584061086177826,0.03956468030810356,0.3150971531867981,20,21,"[  0.          15.97502422  32.08414459  48.38331985  64.88557434
  81.58120728  98.4540863  115.49480438 132.71002197 150.1199646
 167.73617554 185.54151917 203.50971985 221.62188721 239.84107971
 258.10784912 276.36959839 294.58984375 312.74856567 330.84402466
 348.85211182]","[  0.           6.85277414  13.70554829  20.55832291  27.41109657
  34.26387024  41.11664581  47.96941757  54.82219315  61.6749649
  68.52774048  75.38051605  82.23329163  89.08605957  95.93883514
 102.79161072 109.64438629 116.49716187 123.34992981 130.20269775
 137.05548096]","[ 9.562257  9.179971  8.902385  8.752952  8.717265  8.781452  8.903421
  8.998551  8.982029  8.967471  9.108691  9.20955   9.190817  9.284846
  9.506631  9.730598  9.97636  10.132149 10.007183]","[0.03426402 0.01978234 0.01978234 0.01978234 0.03426402 0.03426402
 0.03426402 0.03956468 0.03956468 0.         0.01978234 0.
 0.         0.         0.01978234 0.         0.         0.
 0.        ]",05882,images/creativity/left/05882.jpg,images/creativity/right/05882.jpg,1000,-0.6970672652227972,-0.785174511828631,-1.4822417770514282,36,34,37,37
407.5646667480469,111.37232208251953,3.6594789363022207,10.380561828613281,13.8181791305542,197.23068237304688,1.3773289918899536,0.02536678873002529,0.03956468030810356,0.4819689691066742,20,21,"[  0.          21.51377106  43.25090027  65.32780457  87.6867981
 110.18362427 132.67134094 155.03991699 177.19949341 199.06251526
 220.55947876 241.63938904 262.24319458 282.30114746 301.76940918
 320.65066528 338.96868896 356.75613403 374.07162476 390.98812866
 407.56466675]","[  0.           5.56861639  11.13723183  16.70584869  22.27446365
  27.84307861  33.41169739  38.98031235  44.54893112  50.11754608
  55.68616486  61.25478363  66.8234024   72.39201355  77.96063232
  83.5292511   89.09786987  94.66648865 100.23509979 105.80371857
 111.37233734]","[13.818179  12.816919  11.923041  11.350291  11.08285   10.922722
 10.709856  10.521117  10.406902  10.2539015 10.038481   9.875019
  9.789464   9.610202   9.280866   9.036463   8.883275   8.620606
  8.290529 ]","[0.03956468 0.03426402 0.02797645 0.03956468 0.02797645 0.01978234
 0.02797645 0.02797645 0.         0.02797645 0.01978234 0.02797645
 0.01978234 0.         0.01978234 0.01978234 0.03956468 0.03426402
 0.02797645]",05959,images/creativity/left/05959.jpg,images/creativity/right/05959.jpg,1000,0.8261345814523581,-0.41480776583771506,0.411326815614643,14,10,27,27
395.108154296875,152.12896728515625,2.597192115005089,10.876045227050781,13.016977310180664,206.64486694335938,0.733732283115387,0.020614229142665863,0.02797645330429077,0.3916703462600708,20,21,"[  0.          17.89634705  36.1910553   55.03341293  74.3030014
  93.79322052 113.36938477 133.00291443 152.70539856 172.48052979
 192.34190369 212.3225708  232.43392944 252.66693115 273.01754761
 293.45571899 313.90539551 334.28948975 354.58804321 374.84262085
 395.1081543 ]","[  0.           7.60644865  15.21289635  22.81934547  30.42579269
  38.03224182  45.63869095  53.24513626  60.85158539  68.4580307
  76.06448364  83.67093658  91.27738953  98.88382721 106.49028015
 114.09673309 121.70318604 129.30963135 136.91607666 144.52252197
 152.12896729]","[13.016977  11.685416  10.887267  10.94028   11.358565  11.567967
 11.438021  11.229684  11.116254  10.94208   10.672192  10.537656
 10.381861  10.0962105  9.906869   9.982587  10.204382  10.352483
 10.32813  ]","[0.         0.         0.         0.         0.02797645 0.02797645
 0.02797645 0.02797645 0.02797645 0.02797645 0.02797645 0.
 0.02797645 0.02797645 0.02797645 0.02797645 0.02797645 0.02797645
 0.02797645]",05989,images/creativity/left/05989.jpg,images/creativity/right/05989.jpg,1000,-0.6261708044520956,-0.25138955179840605,-0.8775603562505017,29,31,21,21
