mood_total_length,clip_total_length,length_ratio,mood_mean_direction_change,mood_max_direction_change,mood_direction_change_sum,mood_direction_change_std,clip_mean_direction_change,clip_max_direction_change,clip_direction_change_sum,num_segments,interpolation_steps,mood_cumulative_lengths,clip_cumulative_lengths,mood_direction_profile,clip_direction_profile,used_cluster_correspondence,pair,left_path,right_path,training_steps,z_length_ratio,z_mood_mean_direction_change,creativity_score,rank_creativity,rank_length_ratio,rank_mood_mean_direction,rank_mood_direction_sum
887.7928466796875,381.80426025390625,2.325256523039555,25.676912307739258,36.203887939453125,487.861328125,4.2165937423706055,0.02028760313987732,0.02797645330429077,0.38546445965766907,20,21,"[  0.          24.95286369  51.77227783  81.22845459 113.53730774
 148.38925171 185.71905518 225.4203949  267.52166748 311.12435913
 355.6328125  400.83544922 447.24517822 494.95776367 544.29180908
 596.56860352 653.13470459 714.20123291 777.73809814 837.30316162
 887.79284668]","[  0.          19.09021378  38.18042755  57.27064514  76.3608551
  95.45106506 114.54128265 133.63148499 152.72171021 171.81192017
 190.90214539 209.99237061 229.08259583 248.17279053 267.26300049
 286.35321045 305.44342041 324.53363037 343.62384033 362.71405029
 381.80426025]","[19.474333 19.36797  19.408184 20.248476 22.020956 23.009417 24.391802
 24.83792  25.91113  26.934729 28.206455 28.006708 28.874199 28.623774
 28.141582 27.464909 27.660286 29.074604 36.203888]","[0.         0.01978234 0.01978234 0.01978234 0.         0.01978234
 0.02797645 0.02797645 0.01978234 0.02797645 0.02797645 0.01978234
 0.01978234 0.01978234 0.02797645 0.02797645 0.01978234 0.01978234
 0.01978234]",False,00031,images/creativity/left/00031.jpg,images/creativity/right/00031.jpg,1000,3.0209105326163725,2.618447702171025,5.639358234787398,2,2,2,2
778.4617919921875,364.9117126464844,2.133288039308122,24.750640869140625,31.782981872558594,470.2621765136719,3.4988768100738525,0.003986065741628408,0.02797645330429077,0.07573524862527847,20,21,"[  0.          38.97067261  84.95263672 132.76643372 178.87428284
 224.75231934 268.83334351 310.82510376 351.37915039 391.03036499
 429.67471313 467.46682739 504.55340576 540.82830811 576.95123291
 613.4487915  650.17175293 685.79309082 719.00976562 749.77154541
 778.46179199]","[  0.          18.2455864   36.49117279  54.73675919  72.98234558
  91.22792816 109.47351837 127.71910095 145.96469116 164.21026611
 182.45585632 200.70144653 218.94703674 237.19261169 255.4382019
 273.68377686 291.92938232 310.17495728 328.42053223 346.66610718
 364.91171265]","[31.782982 27.83315  30.671993 30.68211  26.624111 26.261616 25.917492
 25.337692 24.77561  24.859026 23.252012 23.248663 23.31092  22.233858
 21.174181 20.0632   20.873419 20.829908 20.530243]","[0.         0.         0.         0.         0.         0.
 0.         0.02797645 0.         0.         0.         0.
 0.         0.         0.         0.         0.         0.01978234
 0.02797645]",False,00173,images/creativity/left/00173.jpg,images/creativity/right/00173.jpg,1000,2.058914349547864,2.308549099293355,4.367463448841219,3,3,3,3
644.9462890625,403.6959228515625,1.5976041682730702,15.858297348022461,17.395021438598633,301.3076477050781,1.1870023012161255,0.01543899904936552,0.02797645330429077,0.2933409810066223,20,21,"[  0.          24.92591476  50.89183426  78.14811707 106.65092468
 136.23156738 166.69281006 197.80867004 229.68315125 262.35119629
 295.76394653 329.91134644 364.87518311 400.60919189 436.88964844
 473.43566895 509.86499023 545.61755371 580.24475098 613.38360596
 644.94628906]","[  0.          20.18479347  40.36958694  60.55438232  80.73917389
 100.92396545 121.10876465 141.29354858 161.47834778 181.66313171
 201.84793091 222.0327301  242.2175293  262.40231323 282.58709717
 302.77191162 322.95672607 343.14154053 363.32632446 383.5111084
 403.69592285]","[14.078526 14.042961 13.900569 14.309872 14.596636 15.845391 16.115946
 16.1907   16.431753 16.998486 17.395021 17.338545 17.252254 17.214422
 16.833405 16.496546 15.93822  15.254716 15.073626]","[0.         0.01978234 0.01978234 0.         0.         0.02797645
 0.01978234 0.01978234 0.02797645 0.01978234 0.01978234 0.01978234
 0.01978234 0.01978234 0.         0.01978234 0.01978234 0.
 0.01978234]",False,00436,images/creativity/left/00436.jpg,images/creativity/right/00436.jpg,1000,-0.6255150382886902,-0.6665235615586174,-1.2920385998473076,36,35,34,34
592.0346069335938,367.3232116699219,1.611753867233412,16.472248077392578,18.75708770751953,312.97271728515625,1.740393042564392,0.010411757975816727,0.03956468030810356,0.1978234052658081,20,21,"[  0.          22.74726677  46.51112366  71.35381317  97.24710083
 124.12983704 151.98956299 180.62995911 209.71601868 239.15992737
 269.02398682 299.27896118 330.12463379 361.87792969 394.57095337
 428.27697754 462.57400513 496.50415039 529.46386719 561.18280029
 592.0345459 ]","[  0.          18.36616135  36.73232269  55.09848785  73.46465302
  91.83081055 110.19697571 128.56312561 146.92929077 165.29544067
 183.66160583 202.027771   220.39393616 238.7600708  257.1262207
 275.49240112 293.85858154 312.22473145 330.59088135 348.95703125
 367.32321167]","[13.65843  13.595811 14.121603 14.582197 14.949754 14.707844 15.09053
 16.332561 16.706972 17.156816 18.146688 18.443668 18.757088 18.601887
 17.329422 16.92871  17.703835 17.68869  18.470215]","[0.         0.01978234 0.03956468 0.03956468 0.         0.
 0.01978234 0.01978234 0.01978234 0.         0.         0.
 0.         0.01978234 0.01978234 0.         0.         0.
 0.        ]",False,00478,images/creativity/left/00478.jpg,images/creativity/right/00478.jpg,1000,-0.5546077928553169,-0.4611167387428603,-1.015724531598177,28,33,27,27
613.46337890625,376.3815612792969,1.6298975348875413,16.95066261291504,20.17108154296875,322.0625915527344,1.7891125679016113,0.003123527392745018,0.01978234015405178,0.05934701859951019,20,21,"[  0.          27.48301888  56.5146637   86.85144806 118.23744965
 150.48605347 183.31542969 216.15589905 248.67936707 280.85269165
 312.68200684 344.55148315 376.65722656 408.83242798 440.77456665
 472.24517822 502.97134399 532.77600098 561.29449463 588.14886475
 613.46337891]","[  0.          18.81907654  37.63815308  56.45722961  75.27630615
  94.09538269 112.91445923 131.73353577 150.5526123  169.37168884
 188.19076538 207.00984192 225.82891846 244.64797974 263.46707153
 282.28616333 301.10525513 319.92434692 338.7434082  357.5625
 376.3815918 ]","[14.941622  14.7980175 15.326045  16.094412  16.716068  17.639574
 19.101889  19.33768   19.95996   20.171082  19.017     17.690567
 17.188313  16.831247  16.270304  15.561059  14.523428  14.815376
 16.078943 ]","[0.01978234 0.         0.         0.         0.         0.
 0.         0.01978234 0.         0.         0.         0.
 0.         0.         0.         0.         0.         0.01978234
 0.        ]",False,00482,images/creativity/left/00482.jpg,images/creativity/right/00482.jpg,1000,-0.4636858941620159,-0.30105567027346614,-0.764741564435482,22,26,19,19
556.9743041992188,367.9039611816406,1.5139122242944016,15.280000686645508,17.02801513671875,290.32000732421875,1.312337040901184,0.006730266381055117,0.03426402062177658,0.12787505984306335,20,21,"[  0.          22.86658478  46.78879547  71.90403748  98.20582581
 125.42754364 153.24743652 181.42980957 209.78129578 238.2795105
 266.99560547 295.96188354 325.11834717 354.45547485 384.09976196
 414.04122925 444.02697754 473.59796143 502.33139038 530.05377197
 556.9743042 ]","[  0.          18.39520073  36.79040146  55.18560028  73.58080292
  91.97599792 110.37120056 128.76638794 147.16159058 165.55677795
 183.95198059 202.34718323 220.74238586 239.13757324 257.53277588
 275.92797852 294.32318115 312.71838379 331.11355591 349.50875854
 367.90396118]","[14.179827 13.824383 13.315343 13.312287 14.22633  15.218577 16.030489
 16.75793  17.028015 16.958033 16.762112 16.89368  16.848211 16.207262
 15.374938 14.406244 13.993646 14.228997 14.753682]","[0.03426402 0.01978234 0.01978234 0.03426402 0.         0.
 0.         0.         0.         0.         0.         0.
 0.         0.         0.         0.         0.01978234 0.
 0.        ]",False,00666,images/creativity/left/00666.jpg,images/creativity/right/00666.jpg,1000,-1.0449137286158956,-0.8600017580586333,-1.904915486674529,42,42,42,42
661.1808471679688,406.4944763183594,1.6265432513531708,16.00570297241211,18.9639892578125,304.1083679199219,2.0373332500457764,0.0020823515951633453,0.01978234015405178,0.03956468030810356,20,21,"[  0.          26.40894508  54.31108093  83.85118103 115.02085876
 147.65473938 181.5133667  216.23045349 251.46446228 286.86380005
 322.09350586 357.07019043 392.01153564 426.9876709  462.02865601
 497.05007935 531.73822021 565.82720947 598.95141602 630.75311279
 661.18084717]","[  0.          20.32472038  40.64944458  60.97416687  81.29888916
 101.62361145 121.94833374 142.27304077 162.59776306 182.92248535
 203.24720764 223.57192993 243.89665222 264.22134399 284.54608154
 304.87081909 325.19555664 345.52029419 365.84500122 386.16973877
 406.49447632]","[12.402127 12.805244 13.127502 13.870101 14.585059 15.391712 16.159132
 16.83904  17.626114 18.622442 18.96399  18.925932 18.644087 17.805712
 16.757044 16.082754 15.147041 15.032836 15.320501]","[0.         0.         0.         0.         0.         0.
 0.         0.         0.         0.         0.         0.
 0.         0.         0.         0.         0.01978234 0.01978234
 0.        ]",False,00681,images/creativity/left/00681.jpg,images/creativity/right/00681.jpg,1000,-0.4804949447638237,-0.6172067035069714,-1.097701648270795,32,27,31,31
604.0012817382812,378.74725341796875,1.5947344206130312,15.4236478805542,18.747028350830078,293.04931640625,2.0255990028381348,0.0,0.0,0.0,20,21,"[  0.          23.69678879  48.53753662  74.70040894 102.20905304
 130.92871094 160.64767456 191.05107117 221.85684204 252.87400818
 283.92160034 315.09933472 346.82879639 379.41799927 412.8480835
 446.71655273 480.30667114 513.1071167  544.67883301 574.88739014
 604.0012207 ]","[  0.          18.93736076  37.87472153  56.81208038  75.74944305
  94.6867981  113.62416077 132.56152344 151.49888611 170.43624878
 189.37361145 208.31097412 227.24833679 246.1856842  265.12304688
 284.0604248  302.99780273 321.93518066 340.87252808 359.80987549
 378.74725342]","[12.069848 12.221709 12.302526 12.808865 13.697828 14.533965 15.651253
 16.323584 17.246992 18.47155  18.747028 18.011408 17.144773 16.418589
 16.157352 15.810671 15.038852 15.194086 15.198425]",[0. 0. 0. 0. 0. 0. 0. 0. 0. 0. 0. 0. 0. 0. 0. 0. 0. 0. 0.],False,01028,images/creativity/left/01028.jpg,images/creativity/right/01028.jpg,1000,-0.6398959733342028,-0.8119423417314386,-1.4518383150656415,37,36,41,41
576.4321899414062,374.5926818847656,1.5388239488317919,15.7417631149292,18.283233642578125,299.093505859375,1.673043966293335,0.003123527392745018,0.03956468030810356,0.05934701859951019,20,21,"[  0.          27.44986534  55.82648849  85.13270569 115.18177032
 145.75547791 176.62051392 207.53890991 238.40275574 268.96960449
 299.22918701 329.28845215 359.07946777 388.60916138 417.82403564
 446.53063965 474.56848145 501.75054932 527.80895996 552.65826416
 576.43218994]","[  0.          18.72963333  37.45926666  56.18889999  74.91853333
  93.64816284 112.37779999 131.10742188 149.83706665 168.56669617
 187.29632568 206.0259552  224.75558472 243.48519897 262.21484375
 280.94448853 299.6741333  318.40377808 337.13339233 355.86303711
 374.59268188]","[15.71881  15.117096 15.211498 15.614654 16.038141 16.930601 17.364996
 17.748354 18.283234 17.669504 17.220987 16.97864  16.244932 15.573251
 15.090385 13.999886 12.985205 12.68876  12.614587]","[0.         0.         0.         0.03956468 0.01978234 0.
 0.         0.         0.         0.         0.         0.
 0.         0.         0.         0.         0.         0.
 0.        ]",False,01208,images/creativity/left/01208.jpg,images/creativity/right/01208.jpg,1000,-0.9200756122084605,-0.705511912616553,-1.6255875248250136,40,41,36,36
653.8504638671875,371.5328063964844,1.7598727558110319,18.404895782470703,19.86003875732422,349.6930236816406,0.9160599112510681,0.0,0.0,0.0,20,21,"[  0.          30.5300293   62.80360413  96.72509766 131.70578003
 166.82382202 201.44668579 235.41400146 268.83074951 301.74719238
 334.4956665  367.33459473 400.20825195 433.087677   465.99267578
 498.88970947 531.44683838 563.4276123  594.65936279 624.82019043
 653.85040283]","[  0.          18.57664108  37.15328217  55.72992325  74.30656433
  92.8832016  111.4598465  130.03648376 148.61312866 167.1897583
 185.7664032  204.3430481  222.91969299 241.49632263 260.07296753
 278.64962769 297.22628784 315.80291748 334.37954712 352.95617676
 371.53283691]","[18.607956 18.63806  18.822834 19.13488  19.56388  19.860039 19.488527
 19.367476 19.441711 18.764202 18.209665 18.08722  17.96226  17.808203
 17.370363 17.492414 17.044067 16.835775 17.193478]",[0. 0. 0. 0. 0. 0. 0. 0. 0. 0. 0. 0. 0. 0. 0. 0. 0. 0. 0.],False,01271,images/creativity/left/01271.jpg,images/creativity/right/01271.jpg,1000,0.1876484498483832,0.18548079055650638,0.3731292404048896,12,13,12,12
703.7431640625,366.56298828125,1.919842391514291,21.849960327148438,23.829463958740234,415.1492614746094,1.3004544973373413,0.0010411757975816727,0.01978234015405178,0.01978234015405178,20,21,"[  0.          30.65102768  64.57911682 100.76527405 137.79550171
 175.59277344 213.77261353 251.04780579 287.21948242 322.52310181
 357.16940308 391.70071411 426.39657593 461.7651062  498.03137207
 534.47607422 570.5914917  605.87677002 639.88433838 672.43463135
 703.7432251 ]","[  0.          18.3281498   36.65629959  54.98445129  73.31259918
  91.64074707 109.96890259 128.29704285 146.62519836 164.95333862
 183.28149414 201.60964966 219.93780518 238.26593018 256.59408569
 274.92224121 293.25039673 311.57855225 329.90667725 348.23483276
 366.56298828]","[21.07494  19.187777 21.070732 23.027555 22.148838 22.76188  23.829464
 23.529066 23.09825  23.067719 22.872887 23.426184 21.5867   21.253836
 21.05974  20.332264 20.413637 20.406038 21.001776]","[0.         0.         0.         0.         0.         0.
 0.         0.01978234 0.         0.         0.         0.
 0.         0.         0.         0.         0.         0.
 0.        ]",False,01547,images/creativity/left/01547.jpg,images/creativity/right/01547.jpg,1000,0.9892913860331047,1.3380810378816772,2.327372423914782,7,7,6,6
661.7516479492188,387.4106140136719,1.708140210959386,17.891090393066406,19.49172019958496,339.93072509765625,1.2630728483200073,0.0,0.0,0.0,20,21,"[  0.          28.52689743  58.66576385  90.32466888 123.21911621
 156.86103821 190.87942505 225.00071716 259.03552246 292.91091919
 326.65319824 360.33688354 393.97109985 427.597229   461.37277222
 495.52804565 530.16394043 564.81994629 598.67718506 631.05633545
 661.75164795]","[  0.          19.37052917  38.74105835  58.11158752  77.4821167
  96.85264587 116.22317505 135.59368896 154.96421814 174.33473206
 193.70526123 213.07579041 232.44631958 251.8168335  271.18737793
 290.55792236 309.9284668  329.29901123 348.66952515 368.04006958
 387.41061401]","[16.370092 16.099783 16.119967 16.573404 17.14037  17.55714  18.32145
 19.055801 19.308504 19.068256 18.988388 19.299685 19.49172  19.401
 19.055813 18.08646  17.135351 16.30204  16.555555]",[0. 0. 0. 0. 0. 0. 0. 0. 0. 0. 0. 0. 0. 0. 0. 0. 0. 0. 0.],False,01577,images/creativity/left/01577.jpg,images/creativity/right/01577.jpg,1000,-0.071594680692398,0.013579158170749058,-0.05801552252164893,16,17,14,14
622.453369140625,377.9413146972656,1.6469577284484385,15.729301452636719,18.50033187866211,298.8567199707031,1.5920170545578003,0.021500572562217712,0.04423465579748154,0.40851086378097534,20,21,"[  0.          25.94064713  52.64517212  80.22238159 108.55499268
 137.50648499 166.93084717 196.71650696 226.61715698 256.35574341
 285.98779297 315.96514893 346.79721069 378.87277222 412.58837891
 448.14654541 484.77362061 521.11779785 556.23614502 589.94042969
 622.45336914]","[  0.          18.89706802  37.79413605  56.69120407  75.58827209
  94.4853363  113.38240814 132.27946472 151.17652893 170.07359314
 188.97065735 207.86772156 226.76478577 245.66183472 264.55889893
 283.45596313 302.35302734 321.25009155 340.14712524 359.04418945
 377.94125366]","[14.015166 13.639471 13.820051 13.972982 14.167386 14.232582 14.260544
 15.169571 16.687492 17.643562 17.788998 17.930407 18.500332 17.9442
 16.233244 15.26254  15.507119 16.018711 16.062365]","[0.03956468 0.03956468 0.03956468 0.04423466 0.03956468 0.01978234
 0.         0.         0.01978234 0.01978234 0.01978234 0.01978234
 0.02797645 0.01978234 0.         0.01978234 0.01978234 0.
 0.01978234]",False,01736,images/creativity/left/01736.jpg,images/creativity/right/01736.jpg,1000,-0.37819352182576604,-0.7096811567204364,-1.0878746785462026,31,20,37,37
591.4213256835938,382.62274169921875,1.545703538313236,14.84476375579834,17.272441864013672,282.0505065917969,1.6890422105789185,0.02991381846368313,0.048456642776727676,0.5683625340461731,20,21,"[  0.          22.46769714  45.80141449  70.17869568  95.62342834
 122.03768921 149.29147339 177.33934021 206.29692078 236.19000244
 266.97052002 298.56304932 330.81594849 363.51715088 396.37426758
 429.29190063 462.4296875  495.71685791 528.65216064 560.61828613
 591.42132568]","[  0.          19.13113976  38.26228333  57.39342499  76.52456665
  95.65570831 114.78684998 133.91798401 153.0491333  172.18026733
 191.31141663 210.44256592 229.57371521 248.70483398 267.83596802
 286.96710205 306.09823608 325.22937012 344.36050415 363.49163818
 382.62277222]","[12.026114 12.111016 12.270702 12.582804 13.06876  13.895451 14.347543
 14.523782 15.05724  15.317993 15.732734 16.02397  16.430197 17.159431
 17.272442 16.49651  15.718885 15.668965 16.345987]","[0.04423466 0.04845664 0.04845664 0.04845664 0.03956468 0.01978234
 0.01978234 0.02797645 0.03426402 0.03956468 0.01978234 0.01978234
 0.01978234 0.01978234 0.01978234 0.01978234 0.01978234 0.01978234
 0.03956468]",False,01879,images/creativity/left/01879.jpg,images/creativity/right/01879.jpg,1000,-0.8856004801785256,-1.005617083296733,-1.8912175634752586,41,40,43,43
684.5591430664062,352.46392822265625,1.9422105022729048,22.395370483398438,25.29620361328125,425.51202392578125,1.3289756774902344,0.015260362066328526,0.03956468030810356,0.28994688391685486,20,21,"[  0.          33.36621475  69.11853027 105.97241211 143.31315613
 180.34403992 215.42657471 248.85765076 281.22650146 313.99493408
 348.1517334  383.13555908 418.69519043 454.82312012 491.23760986
 527.10400391 562.33392334 596.32720947 628.71484375 658.27807617
 684.5592041 ]","[  0.          17.62319756  35.24639511  52.86959076  70.49279022
  88.11598969 105.73918915 123.36238098 140.98558044 158.60876465
 176.23196411 193.85516357 211.47836304 229.10154724 246.7247467
 264.34796143 281.97116089 299.59436035 317.2175293  334.84072876
 352.46392822]","[21.788973 21.38034  25.296204 22.691818 22.510817 23.01264  23.08395
 24.94774  22.530949 20.75165  21.376743 22.276247 22.768942 23.388298
 22.72814  21.773777 20.634266 19.655413 22.915102]","[0.01978234 0.         0.         0.03956468 0.03956468 0.
 0.         0.02797645 0.         0.02797645 0.01978234 0.01978234
 0.01978234 0.         0.         0.02797645 0.01978234 0.
 0.02797645]",False,01933,images/creativity/left/01933.jpg,images/creativity/right/01933.jpg,1000,1.1013828958162635,1.5205565395260783,2.621939435342342,6,6,5,5
663.8604125976562,382.2466125488281,1.7367332784743903,17.6049747467041,19.167524337768555,334.4945373535156,1.2908447980880737,0.017316363751888275,0.03956468030810356,0.32901090383529663,20,21,"[  0.          26.89754486  55.03652954  84.39496613 114.61817932
 145.49853516 177.02200317 209.17082214 241.97924805 275.53378296
 309.91882324 345.15768433 381.08349609 417.44436646 454.09283447
 490.88134766 527.60992432 563.84490967 598.88146973 632.18988037
 663.86035156]","[  0.          19.11232948  38.22466278  57.33699417  76.44932556
  95.56165314 114.67398834 133.78631592 152.89865112 172.01097107
 191.12330627 210.23564148 229.34797668 248.46029663 267.57263184
 286.68496704 305.79730225 324.90963745 344.02194214 363.13427734
 382.24661255]","[15.752821 15.234169 15.578491 16.40002  17.067715 17.611965 18.29501
 18.668694 19.132462 19.167524 19.042849 19.055248 18.943068 18.783346
 18.220198 17.259232 16.432611 16.585264 17.263868]","[0.         0.         0.         0.         0.         0.02797645
 0.02797645 0.02797645 0.01978234 0.02797645 0.02797645 0.01978234
 0.01978234 0.03426402 0.03956468 0.02797645 0.         0.
 0.02797645]",False,01986,images/creativity/left/01986.jpg,images/creativity/right/01986.jpg,1000,0.07169145293220379,-0.08214530808642587,-0.010453855154222078,15,15,16,16
657.9782104492188,360.0174255371094,1.8276287862110625,19.553434371948242,24.264768600463867,371.5152587890625,1.998440146446228,0.0,0.0,0.0,20,21,"[  0.          32.24757767  66.61726379 103.28385162 141.37965393
 180.1668396  218.73490906 256.35168457 292.59661865 327.90966797
 362.60626221 396.62817383 429.92514038 462.2645874  493.28091431
 522.97802734 551.78881836 579.88763428 606.99676514 632.85394287
 657.97814941]","[  0.          18.00086975  36.0017395   54.00260925  72.003479
  90.00434875 108.00521851 126.00608063 144.00695801 162.00782776
 180.00869751 198.00956726 216.01043701 234.0112915  252.01216125
 270.01303101 288.01391602 306.01480103 324.01565552 342.01654053
 360.01742554]","[24.264769 21.48716  20.956688 20.913382 20.817575 20.725863 21.087358
 21.377464 20.37931  19.697878 19.007984 17.659904 17.102589 17.470438
 17.891897 17.049543 16.602722 17.363716 19.658985]",[0. 0. 0. 0. 0. 0. 0. 0. 0. 0. 0. 0. 0. 0. 0. 0. 0. 0. 0.],False,01988,images/creativity/left/01988.jpg,images/creativity/right/01988.jpg,1000,0.5271887814576725,0.5697423465089069,1.0969311279665792,10,10,10,10
598.247802734375,365.21307373046875,1.6380788251186442,15.949295997619629,18.32379722595215,303.03662109375,1.175087809562683,0.0,0.0,0.0,20,21,"[  0.          26.41959     53.92186356  82.44372559 111.81801605
 141.86376953 172.42631531 203.33554077 234.29519653 265.019104
 295.40603638 325.55804443 355.61517334 385.76705933 416.3659668
 447.60998535 479.01119995 510.11392212 540.51452637 569.90490723
 598.24780273]","[  0.          18.26065636  36.52131271  54.78196716  73.04262543
  91.30328369 109.56394196 127.82459259 146.08525085 164.34590149
 182.60656738 200.86721802 219.12786865 237.38850403 255.64916992
 273.90982056 292.17047119 310.43112183 328.69177246 346.9524231
 365.21307373]","[14.693027  14.65339   14.874946  15.174541  15.4793625 15.462246
 15.458198  15.930768  16.69283   17.243052  17.502466  17.924858
 18.323797  17.473852  16.14386   15.524342  14.884096  14.703619
 14.89336  ]",[0. 0. 0. 0. 0. 0. 0. 0. 0. 0. 0. 0. 0. 0. 0. 0. 0. 0. 0.],False,02140,images/creativity/left/02140.jpg,images/creativity/right/02140.jpg,1000,-0.4226876541284724,-0.6360785395070019,-1.0587661936354742,30,22,32,32
638.0318603515625,364.46038818359375,1.7506205915309498,17.649335861206055,19.122873306274414,335.3373718261719,1.1595107316970825,0.011095658876001835,0.02797645330429077,0.21081751585006714,20,21,"[  0.          32.70003128  66.6693573  101.85328674 137.45277405
 173.0390625  208.39427185 243.10726929 277.10543823 310.11947632
 342.18478394 373.62588501 404.71310425 435.7149353  466.87176514
 498.22537231 529.4197998  559.55047607 587.69152832 613.796875
 638.03186035]","[  0.          18.22301674  36.44603729  54.66905594  72.89207458
  91.11508942 109.33811188 127.56112671 145.78414917 164.00715637
 182.23017883 200.45320129 218.67622375 236.89923096 255.12225342
 273.34527588 291.56829834 309.7913208  328.01431274 346.23733521
 364.46035767]","[18.52053  17.34281  17.363842 18.677708 18.951765 19.122873 18.697063
 18.397812 18.583218 18.489553 17.832642 17.143682 16.463415 15.778074
 15.217654 15.50215  17.570696 18.410479 17.271395]","[0.         0.         0.         0.         0.         0.02797645
 0.01978234 0.         0.01978234 0.02797645 0.02797645 0.01978234
 0.02797645 0.01978234 0.         0.         0.         0.01978234
 0.        ]",False,02145,images/creativity/left/02145.jpg,images/creativity/right/02145.jpg,1000,0.14128382504354445,-0.06730360312459492,0.07398022191894953,14,14,15,15
653.1209716796875,403.2806091308594,1.6195198997722158,16.349592208862305,19.26249122619629,310.6422424316406,2.442920207977295,0.001472444855608046,0.02797645330429077,0.02797645330429077,20,21,"[  0.          34.58475113  70.47100067 107.47072601 145.4543457
 184.23699951 223.28707886 261.8678894  299.23855591 335.06103516
 369.38534546 402.3840332  434.31152344 465.47836304 496.05831909
 525.80877686 554.33911133 581.38574219 606.83612061 630.69744873
 653.12097168]","[  0.          20.16403198  40.32806396  60.49209595  80.65612793
 100.82015991 120.98419952 141.14822388 161.31225586 181.47627258
 201.64030457 221.80433655 241.96836853 262.13238525 282.29641724
 302.46044922 322.6244812  342.78851318 362.95251465 383.11654663
 403.28057861]","[17.921497 17.56702  17.907095 17.572065 17.305971 17.40628  18.08722
 18.977154 19.262491 18.832634 18.20292  17.563704 16.289064 14.643882
 13.532294 12.9377   12.492565 12.14189  11.99881 ]","[0.         0.         0.         0.         0.02797645 0.
 0.         0.         0.         0.         0.         0.
 0.         0.         0.         0.         0.         0.
 0.        ]",False,02166,images/creativity/left/02166.jpg,images/creativity/right/02166.jpg,1000,-0.5156905002107233,-0.5021531787196624,-1.0178436789303857,29,29,29,29
610.4400634765625,374.4451599121094,1.6302522474047905,16.851804733276367,19.10076141357422,320.1842956542969,1.10041344165802,0.003123527392745018,0.01978234015405178,0.05934701859951019,20,21,"[  0.          29.33135223  59.70292664  91.76370239 125.36192322
 159.39195251 192.86535645 225.60516357 257.8085022  289.61505127
 321.07009888 352.23352051 383.14004517 413.70574951 443.81878662
 473.45013428 502.61999512 531.17211914 558.72277832 585.06811523
 610.44012451]","[  0.          18.72225761  37.44451904  56.16677856  74.88903809
  93.61129761 112.33355713 131.05581665 149.77807617 168.50033569
 187.22259521 205.94485474 224.66711426 243.38935852 262.1116333
 280.83389282 299.55615234 318.27841187 337.00064087 355.72290039
 374.44515991]","[19.100761 18.660103 17.320593 16.447151 17.371004 18.211601 18.172867
 17.707191 17.171442 16.82615  16.2768   15.99378  16.142056 16.454712
 16.353752 15.649948 15.120893 15.435065 15.768425]","[0.         0.         0.         0.         0.         0.
 0.         0.         0.         0.         0.         0.
 0.         0.01978234 0.01978234 0.         0.         0.
 0.01978234]",False,02268,images/creativity/left/02268.jpg,images/creativity/right/02268.jpg,1000,-0.46190835192670965,-0.33413012070650844,-0.7960384726332181,23,25,21,21
668.0006103515625,425.7236022949219,1.5690946115052418,15.537671089172363,18.230287551879883,295.21575927734375,2.164360523223877,0.010917020961642265,0.03956468030810356,0.2074234038591385,20,21,"[  0.          24.85970306  51.10149384  78.89698792 108.28527832
 139.04248047 170.78160095 203.2484436  236.30506897 269.8092041
 303.71118164 338.06744385 372.91589355 408.42092896 444.85452271
 482.39752197 520.61212158 558.90991211 596.66314697 633.07897949
 668.00073242]","[  0.          21.28617859  42.57235718  63.85853577  85.14471436
 106.43089294 127.71707153 149.00323486 170.28942871 191.57559204
 212.86177063 234.14794922 255.43412781 276.72027588 298.00646973
 319.29266357 340.57885742 361.86505127 383.1512146  404.43740845
 425.72360229]","[11.619592 11.874079 12.069864 12.352082 13.377316 14.681658 15.59768
 16.268757 16.99497  17.32511  17.598042 17.954529 18.230288 17.72231
 16.944082 16.95802  16.048656 15.413032 16.185703]","[0.02797645 0.02797645 0.03956468 0.         0.         0.
 0.         0.         0.         0.         0.         0.
 0.         0.         0.02797645 0.02797645 0.         0.02797645
 0.02797645]",False,02482,images/creativity/left/02482.jpg,images/creativity/right/02482.jpg,1000,-0.7683826812398914,-0.7737940932009023,-1.5421767744407937,39,39,38,38
590.8837890625,363.3870849609375,1.6260451004361296,16.319421768188477,18.543655395507812,310.0690002441406,1.4513747692108154,0.009875845164060593,0.02797645330429077,0.18764105439186096,20,21,"[  0.          25.89980125  53.00403595  81.35089874 110.69198608
 140.63085938 170.8240509  201.03707886 231.16983032 261.29388428
 291.65414429 322.34979248 353.38244629 384.71405029 416.25283813
 447.66558838 478.51333618 508.58502197 537.50762939 564.92431641
 590.88378906]","[  0.          18.16935349  36.33870697  54.50806427  72.67741394
  90.84677124 109.01612854 127.18547821 145.35484314 163.52418518
 181.69354248 199.86289978 218.03225708 236.20159912 254.37095642
 272.54031372 290.70968628 308.87902832 327.04837036 345.2177124
 363.38708496]","[14.588868 14.461966 14.444903 14.75218  15.475012 16.400093 17.295637
 18.216997 18.543655 18.407656 18.28441  17.931305 17.324606 16.54895
 16.552797 15.795046 14.843585 14.985957 15.215376]","[0.         0.         0.         0.02797645 0.02797645 0.01978234
 0.02797645 0.         0.         0.         0.         0.
 0.         0.         0.         0.02797645 0.         0.02797645
 0.02797645]",False,02718,images/creativity/left/02718.jpg,images/creativity/right/02718.jpg,1000,-0.48299128828579546,-0.5122471717150292,-0.9952384600008246,27,28,30,30
678.94775390625,384.5980224609375,1.7653438506049748,18.25998306274414,20.260295867919922,346.9396667480469,1.6256037950515747,0.029129354283213615,0.03426402062177658,0.5534577369689941,20,21,"[  0.          27.96485329  57.38142395  88.26457977 120.31018829
 153.12628174 186.11904907 218.87982178 251.59140015 284.47970581
 317.87780762 351.85629272 386.55871582 422.19015503 458.76885986
 496.11117554 534.12091064 572.48596191 609.98529053 645.54382324
 678.94781494]","[  0.          19.22990036  38.45980072  57.6897049   76.91960907
  96.14950562 115.37940979 134.60929871 153.83920288 173.0690918
 192.29899597 211.52890015 230.75880432 249.98867798 269.21859741
 288.44851685 307.67843628 326.9083252  346.13821411 365.36810303
 384.59802246]","[16.275764 15.23253  15.016106 15.596816 16.50043  18.205807 18.594852
 18.848295 19.006107 19.173286 19.767933 19.520327 19.315817 19.249445
 20.146109 19.153435 18.732315 18.343979 20.260296]","[0.02797645 0.03426402 0.03426402 0.03426402 0.02797645 0.01978234
 0.03426402 0.03426402 0.03426402 0.03426402 0.03426402 0.01978234
 0.01978234 0.03426402 0.02797645 0.02797645 0.01978234 0.01978234
 0.03426402]",False,02817,images/creativity/left/02817.jpg,images/creativity/right/02817.jpg,1000,0.21506530602537074,0.1369979727656358,0.3520632787910065,13,12,13,13
778.9929809570312,368.73388671875,2.1126156532263725,20.839948654174805,23.15144920349121,395.9590148925781,1.9537334442138672,0.025193210691213608,0.04423465579748154,0.47867101430892944,20,21,"[  0.          31.35694313  64.85024261 100.53069305 137.67155457
 175.5823822  213.78807068 251.93591309 289.78027344 327.56774902
 365.3309021  403.18731689 441.98928833 482.22262573 523.94897461
 567.01672363 610.644104   654.15661621 697.26300049 739.00170898
 778.99298096]","[  0.          18.43669128  36.87338257  55.31007385  73.74676514
  92.18345642 110.62015533 129.05683899 147.49353027 165.9302063
 184.36691284 202.80360413 221.24029541 239.67697144 258.11367798
 276.55038452 294.98709106 313.42379761 331.86047363 350.29718018
 368.73388672]","[17.85209  16.899355 17.109518 18.275274 19.141441 20.029774 21.003042
 22.095722 21.884798 22.92715  23.15145  22.249348 21.802208 21.542063
 21.653214 22.734741 22.431564 21.182236 21.99398 ]","[0.         0.01978234 0.01978234 0.         0.01978234 0.03426402
 0.03426402 0.02797645 0.03426402 0.04423466 0.03956468 0.03426402
 0.03426402 0.04423466 0.04423466 0.02797645 0.         0.
 0.01978234]",False,03142,images/creativity/left/03142.jpg,images/creativity/right/03142.jpg,1000,1.9553204881024437,1.0001658293352385,2.955486317437682,4,4,7,7
575.6998291015625,356.84588623046875,1.6133010112094919,15.800488471984863,18.541765213012695,300.20928955078125,1.7448525428771973,0.003123527392745018,0.01978234015405178,0.05934701859951019,20,21,"[  0.          24.02780151  49.14289474  75.63784027 103.50086975
 132.41072083 161.95872498 191.77494812 221.55545044 251.16383362
 280.7053833  310.3331604  340.1479187  370.20275879 400.57504272
 431.25305176 461.95144653 492.17196655 521.33947754 549.1541748
 575.6998291 ]","[  0.          17.8422966   35.6845932   53.5268898   71.3691864
  89.21147919 107.0537796  124.89607239 142.7383728  160.58065796
 178.42295837 196.26525879 214.1075592  231.94984436 249.79214478
 267.63446045 285.47674561 303.31903076 321.16131592 339.00360107
 356.84588623]","[14.6601515 14.217002  13.702226  13.700135  14.407329  15.388368
 16.54456   17.909084  18.541765  18.505173  17.953386  17.775768
 17.542189  16.820263  15.780272  14.60509   13.918625  13.965414
 14.27249  ]","[0.         0.         0.         0.         0.         0.
 0.         0.         0.         0.         0.         0.01978234
 0.01978234 0.         0.         0.         0.         0.01978234
 0.        ]",False,03179,images/creativity/left/03179.jpg,images/creativity/right/03179.jpg,1000,-0.5468547150025558,-0.6858644255553348,-1.2327191405578906,34,30,35,35
620.4911499023438,377.1066589355469,1.6453996109583282,17.002538681030273,18.493946075439453,323.0482177734375,0.9806986451148987,0.007109593600034714,0.02797645330429077,0.13508227467536926,20,21,"[  0.          28.42135811  57.90574265  88.41661835 119.71044159
 151.74909973 184.50732422 217.81874084 251.38764954 284.93206787
 318.24874878 350.9453125  382.88961792 414.36029053 445.81259155
 477.25061035 508.21237183 538.21984863 566.99884033 594.36682129
 620.49121094]","[  0.          18.85533333  37.71066666  56.56600189  75.42133331
  94.27666473 113.13200378 131.98733521 150.84266663 169.69799805
 188.55332947 207.40866089 226.26399231 245.11930847 263.97463989
 282.82998657 301.68533325 320.54067993 339.39599609 358.25134277
 377.10668945]","[16.374636 16.040243 16.538118 17.39148  17.668211 17.890972 17.894875
 18.205862 17.466173 17.341284 17.898932 18.493946 18.287327 16.877007
 15.660226 15.746997 15.646429 15.676286 15.949174]","[0.02797645 0.01978234 0.01978234 0.01978234 0.         0.
 0.         0.         0.         0.         0.         0.
 0.         0.         0.         0.         0.01978234 0.02797645
 0.        ]",False,03432,images/creativity/left/03432.jpg,images/creativity/right/03432.jpg,1000,-0.3860015903645338,-0.2836997199960614,-0.6697013103605952,19,21,18,18
677.64892578125,420.1615905761719,1.6128293042017074,16.520238876342773,18.69586944580078,313.884521484375,1.4890100955963135,0.022086674347519875,0.02797645330429077,0.4196467995643616,20,21,"[  0.          28.35873222  58.01939392  89.00306702 121.15388489
 154.17799377 187.81295776 221.83641052 256.14334106 290.82495117
 326.02084351 361.71707153 397.80905151 433.97241211 470.27581787
 506.92816162 543.52862549 579.22650146 613.48345947 646.30908203
 677.64886475]","[  0.          21.00807953  42.01615906  63.02423859  84.03231812
 105.04039764 126.0484848  147.05654907 168.06463623 189.07270813
 210.08079529 231.08888245 252.0969696  273.1050415  294.11312866
 315.12121582 336.12930298 357.13739014 378.14544678 399.15353394
 420.16162109]","[15.1450815 14.855418  14.859347  15.292803  15.852295  16.500153
 17.272728  17.950916  18.252357  18.662996  18.69587   18.44682
 18.54389   17.463224  15.676033  14.674339  15.1387005 15.539901
 15.06163  ]","[0.         0.         0.02797645 0.02797645 0.02797645 0.02797645
 0.02797645 0.         0.         0.02797645 0.02797645 0.02797645
 0.02797645 0.02797645 0.02797645 0.02797645 0.02797645 0.02797645
 0.02797645]",False,03969,images/creativity/left/03969.jpg,images/creativity/right/03969.jpg,1000,-0.5492185422943843,-0.4450606660562738,-0.9942792083506581,26,31,25,25
639.96337890625,406.8410339355469,1.5730059790567614,16.50425148010254,18.511165618896484,313.5807800292969,1.1591533422470093,0.012698338367044926,0.03426402062177658,0.24126842617988586,20,21,"[  0.          28.01028633  57.53659058  88.43740845 120.07922363
 151.96733093 184.08670044 216.49848938 249.07757568 281.71795654
 314.60855103 347.80041504 381.21524048 414.92803955 448.92108154
 482.9675293  516.61700439 549.30480957 580.79290771 611.00274658
 639.96337891]","[  0.          20.34205246  40.68410492  61.02616119  81.36820984
 101.71025848 122.05231476 142.3943634  162.73641968 183.07846069
 203.42051697 223.76257324 244.10462952 264.44665527 284.78869629
 305.1307373  325.47280884 345.81488037 366.15692139 386.4989624
 406.84103394]","[18.511166 17.10131  16.048313 16.583181 16.684946 16.41123  16.480036
 17.390177 17.835651 17.2641   17.296648 17.511707 17.172127 16.827839
 15.786373 15.501013 15.008945 14.28037  13.885664]","[0.01978234 0.01978234 0.01978234 0.         0.         0.
 0.01978234 0.03426402 0.         0.         0.         0.
 0.         0.         0.01978234 0.03426402 0.03426402 0.01978234
 0.01978234]",False,04010,images/creativity/left/04010.jpg,images/creativity/right/04010.jpg,1000,-0.7487819604236347,-0.45040949961849186,-1.1991914600421265,33,38,26,26
695.6570434570312,350.8328857421875,1.982872962394525,22.545499801635742,26.114669799804688,428.364501953125,2.032059669494629,0.0010411757975816727,0.01978234015405178,0.01978234015405178,20,21,"[  0.          28.63916588  59.55220795  92.37863159 126.20005798
 160.2858429  194.35359192 228.44369507 262.05548096 295.48007202
 329.20321655 363.48922729 398.61154175 434.88287354 472.2824707
 510.18582153 548.72155762 587.7288208  626.01293945 662.20153809
 695.65704346]","[  0.          17.54164314  35.08328629  52.62493134  70.16657257
  87.70821381 105.24986267 122.79150391 140.3331604  157.87480164
 175.41644287 192.95808411 210.49972534 228.04135132 245.58299255
 263.12463379 280.66629028 298.20794678 315.74957275 333.29122925
 350.83288574]","[20.795595 19.291613 18.977974 19.936478 21.501642 21.297169 20.853973
 21.876787 22.078657 22.61107  23.542734 24.347597 24.297945 25.44014
 26.11467  25.342823 23.48114  22.633081 23.9434  ]","[0.         0.         0.         0.         0.         0.
 0.         0.01978234 0.         0.         0.         0.
 0.         0.         0.         0.         0.         0.
 0.        ]",False,04371,images/creativity/left/04371.jpg,images/creativity/right/04371.jpg,1000,1.3051514033901392,1.5707846519712876,2.875936055361427,5,5,4,4
723.2730712890625,379.5397644042969,1.905658218511752,20.360950469970703,22.658784866333008,386.8580627441406,1.622148036956787,0.0,0.0,0.0,20,21,"[  0.          31.26022339  63.94305038  98.44116211 134.23609924
 170.52755737 206.60476685 242.19247437 277.46899414 312.74057007
 348.381073   384.53665161 421.51000977 459.39068604 497.65924072
 536.28796387 575.29943848 614.20666504 652.15240479 688.4241333
 723.27307129]","[  0.          18.97698784  37.95397568  56.93096542  75.90795135
  94.8849411  113.86193848 132.83892822 151.81591797 170.79290771
 189.76989746 208.74688721 227.72387695 246.70085144 265.67785645
 284.65484619 303.63183594 322.60882568 341.58578491 360.56277466
 379.5397644 ]","[21.823954 19.936188 19.037992 18.51308  19.276163 20.291672 21.342867
 21.954918 22.442184 22.511602 22.658785 21.624699 21.032457 21.413824
 20.204105 18.9576   17.597116 17.50753  18.731337]",[0. 0. 0. 0. 0. 0. 0. 0. 0. 0. 0. 0. 0. 0. 0. 0. 0. 0. 0.],False,04398,images/creativity/left/04398.jpg,images/creativity/right/04398.jpg,1000,0.9182113836118971,0.8399094920672235,1.7581208756791207,8,8,9,9
636.9705200195312,354.66400146484375,1.7959830075471341,18.765853881835938,20.321962356567383,356.5512390136719,1.2383480072021484,0.009954137727618217,0.03956468030810356,0.18912862241268158,20,21,"[  0.          28.86371994  59.33442307  91.31194305 124.24082947
 157.20710754 189.63368225 221.37123108 252.68536377 283.77667236
 314.91427612 346.18508911 377.69076538 409.56427002 442.03973389
 474.90206909 507.76550293 540.59240723 573.10772705 605.18511963
 636.97052002]","[  0.          17.73319817  35.46639633  53.19959641  70.93279266
  88.66598511 106.39918518 124.13237762 141.86558533 159.5987854
 177.33198547 195.06518555 212.79838562 230.53157043 248.26477051
 265.99798584 283.73120117 301.4644165  319.19760132 336.93078613
 354.66400146]","[17.015066 15.931964 16.214886 17.347174 18.962961 19.559843 19.999401
 20.052755 19.81867  19.250458 19.050938 19.22183  19.295963 19.508303
 20.321962 19.139711 18.283943 18.332636 19.242771]","[0.         0.         0.         0.         0.         0.
 0.         0.         0.02797645 0.03426402 0.03956468 0.
 0.         0.03956468 0.02797645 0.01978234 0.         0.
 0.        ]",False,04624,images/creativity/left/04624.jpg,images/creativity/right/04624.jpg,1000,0.36860484260904197,0.3062449705034777,0.6748498131125197,11,11,11,11
628.3203735351562,384.30194091796875,1.6349653921453249,16.43300437927246,18.411537170410156,312.2270812988281,1.2157572507858276,0.003123527392745018,0.01978234015405178,0.05934701859951019,20,21,"[  0.          30.72946167  62.20238495  94.70256042 128.02050781
 161.65927124 195.30119324 228.93347168 262.37716675 295.37783813
 327.896698   359.93423462 391.53070068 422.80090332 453.84881592
 484.65545654 515.11975098 544.99212646 573.9284668  601.70245361
 628.32037354]","[  0.          19.21509933  38.43019867  57.645298    76.86039734
  96.07549286 115.29059601 134.50569153 153.72079468 172.93588257
 192.15098572 211.36608887 230.58119202 249.79626465 269.01135254
 288.22644043 307.44152832 326.65661621 345.8717041  365.08679199
 384.30187988]","[15.511641 15.138388 14.924579 15.46044  16.396355 16.752338 16.526825
 16.99714  17.466856 17.766527 18.187708 18.411537 18.08042  17.4824
 16.74875  15.873347 15.160432 14.729605 14.611778]","[0.01978234 0.01978234 0.         0.         0.         0.
 0.         0.         0.         0.         0.         0.
 0.         0.         0.         0.         0.         0.01978234
 0.        ]",False,04761,images/creativity/left/04761.jpg,images/creativity/right/04761.jpg,1000,-0.43828974973476503,-0.47424633198345156,-0.9125360817182167,24,24,28,28
649.2457885742188,402.7486572265625,1.6120371276843055,16.65338897705078,18.456605911254883,316.4143981933594,1.6153517961502075,0.018457883968949318,0.02797645330429077,0.350699782371521,20,21,"[  0.          28.1871109   57.95106125  88.93506622 120.11998749
 151.30377197 182.74435425 214.52584839 246.82333374 279.57662964
 312.69287109 346.27252197 380.40930176 415.13284302 450.17474365
 485.06158447 519.68310547 553.81945801 587.00219727 618.83081055
 649.24578857]","[  0.          20.1374321   40.2748642   60.41230011  80.54972839
 100.68715668 120.82459259 140.96202087 161.09945679 181.23687744
 201.37431335 221.51174927 241.64918518 261.78659058 281.92404175
 302.06149292 322.19894409 342.33636475 362.4737854  382.61120605
 402.74865723]","[14.869012  14.231332  16.193274  18.192139  18.196514  18.303091
 18.289112  17.951271  18.436531  18.456606  18.036098  17.953676
 16.851168  16.318201  15.808339  14.909257  14.1994705 14.319402
 14.899936 ]","[0.         0.01978234 0.02797645 0.         0.01978234 0.01978234
 0.         0.         0.01978234 0.02797645 0.02797645 0.02797645
 0.02797645 0.02797645 0.02797645 0.02797645 0.02797645 0.01978234
 0.        ]",False,04963,images/creativity/left/04963.jpg,images/creativity/right/04963.jpg,1000,-0.5531883125985729,-0.4005132165042721,-0.953701529102845,25,32,23,23
675.9398803710938,359.25714111328125,1.8814932342791089,20.662832260131836,24.165971755981445,392.59381103515625,2.4792613983154297,0.03184720501303673,0.03426402062177658,0.6050968766212463,20,21,"[  0.          32.73075485  68.01622772 105.90937805 145.67504883
 185.46644592 224.13545227 261.41290283 297.52389526 332.82772827
 367.10842896 400.67779541 434.19165039 467.42495728 500.04455566
 532.01513672 563.38128662 593.86199951 622.95349121 650.28491211
 675.93994141]","[  0.          17.9628582   35.9257164   53.88857269  71.8514328
  89.81428528 107.77714539 125.73999786 143.7028656  161.66571045
 179.62857056 197.59143066 215.55429077 233.51713562 251.47999573
 269.44287109 287.4057312  305.36859131 323.3314209  341.29428101
 359.25714111]","[19.354374 19.034212 19.558588 20.845932 23.474102 24.165972 24.068634
 22.917759 22.639673 23.8914   22.72927  21.274977 20.722002 20.47402
 19.262978 17.870619 16.626049 16.698761 16.984497]","[0.03426402 0.02797645 0.03426402 0.03426402 0.02797645 0.02797645
 0.01978234 0.03426402 0.02797645 0.03426402 0.03426402 0.02797645
 0.03426402 0.03426402 0.03426402 0.03426402 0.03426402 0.03426402
 0.03426402]",False,05078,images/creativity/left/05078.jpg,images/creativity/right/05078.jpg,1000,0.7971153466799398,0.9409087684204727,1.7380241151004125,9,9,8,8
619.9158325195312,418.0320129394531,1.4829386585981839,15.436330795288086,17.43634796142578,293.290283203125,1.3047547340393066,0.010307114571332932,0.02797645330429077,0.1958351731300354,20,21,"[  0.          28.57684898  58.53593445  89.83686829 122.19966888
 155.45162964 189.44067383 223.7257843  257.91299438 291.83557129
 325.47424316 358.5736084  390.91793823 422.66271973 453.78488159
 484.17169189 513.7244873  542.20526123 569.41485596 595.28186035
 619.91583252]","[  0.          20.90159988  41.80319977  62.70480347  83.60640717
 104.50801086 125.40961456 146.311203   167.21281433 188.1144104
 209.01602173 229.91763306 250.81924438 271.7208252  292.62243652
 313.52404785 334.42565918 355.32727051 376.22885132 397.13046265
 418.03207397]","[15.126469  14.731888  15.039338  15.614322  15.6362705 15.659884
 16.299107  16.941679  17.208883  17.031923  17.436348  16.86756
 15.749552  15.340135  14.784815  14.02385   13.482128  13.148597
 13.16753  ]","[0.         0.         0.02797645 0.02797645 0.02797645 0.
 0.         0.02797645 0.         0.         0.         0.
 0.         0.         0.02797645 0.02797645 0.         0.
 0.02797645]",False,05356,images/creativity/left/05356.jpg,images/creativity/right/05356.jpg,1000,-1.2001290608235973,-0.8076990741614114,-2.007828134985009,43,44,39,39
807.1654052734375,347.027099609375,2.325943438371266,27.646574020385742,34.706764221191406,525.284912109375,4.011690616607666,0.015211960300803185,0.03956468030810356,0.28902724385261536,20,21,"[  0.          29.28211021  58.67346573  90.0274353  123.6228714
 159.59573364 197.03543091 235.27363586 273.94952393 313.09030151
 352.30245972 391.78417969 432.19488525 473.65151978 516.92443848
 562.44921875 609.3369751  658.04486084 709.34655762 760.19958496
 807.16540527]","[  0.          17.35135651  34.70271301  52.05406952  69.40542603
  86.75678253 104.10813904 121.45948792 138.81085205 156.16220093
 173.51356506 190.8649292  208.21629333 225.56762695 242.91899109
 260.27035522 277.6217041  294.97305298 312.32440186 329.67575073
 347.02709961]","[21.990934 23.750689 22.025965 24.93151  24.694653 26.222942 26.689985
 26.231289 25.542534 26.70024  26.242638 26.179605 27.058155 28.082687
 31.428375 34.40479  34.706764 33.826412 34.574757]","[0.03956468 0.03956468 0.03956468 0.03956468 0.03426402 0.
 0.         0.         0.         0.         0.         0.
 0.         0.         0.         0.         0.03426402 0.02797645
 0.03426402]",False,05358,images/creativity/left/05358.jpg,images/creativity/right/05358.jpg,1000,3.024352816028485,3.2774288468495856,6.301781662878071,1,1,1,1
673.397216796875,393.50482177734375,1.7112807252407758,16.82404136657715,17.85984230041504,319.6567687988281,0.8393115401268005,0.001472444855608046,0.02797645330429077,0.02797645330429077,20,21,"[  0.          33.14542389  67.71533203 103.67251587 140.46440125
 177.14227295 213.23516846 248.79800415 283.88058472 318.43844604
 352.42416382 385.88360596 418.91873169 451.80273438 484.82705688
 517.94604492 550.93023682 583.28717041 614.50415039 644.49169922
 673.3972168 ]","[  0.          19.67524147  39.35048676  59.02572632  78.70096588
  98.37620544 118.05145264 137.72668457 157.40193176 177.0771637
 196.75241089 216.42765808 236.10290527 255.77812195 275.45336914
 295.12860107 314.80383301 334.47906494 354.15429688 373.82952881
 393.50476074]","[16.791725 16.21349  16.014194 16.448406 17.706978 17.859842 17.669336
 17.514963 17.61798  17.760336 17.767836 17.75729  17.18132  16.44521
 16.129238 15.540385 15.658416 15.816336 15.763485]","[0.         0.         0.         0.         0.         0.
 0.         0.         0.         0.         0.02797645 0.
 0.         0.         0.         0.         0.         0.
 0.        ]",False,05655,images/creativity/left/05655.jpg,images/creativity/right/05655.jpg,1000,-0.05585687471068375,-0.34341878944089704,-0.3992756641515808,17,16,22,22
603.9200439453125,361.07452392578125,1.672563429231158,16.550800323486328,19.601295471191406,314.4652099609375,1.7938063144683838,0.010054482147097588,0.02797645330429077,0.1910351663827896,20,21,"[  0.          28.18780518  57.73512268  88.69241333 120.90805054
 153.93537903 187.21070862 220.34753418 253.06060791 285.07244873
 316.26843262 346.78826904 376.97766113 407.05203247 436.85562134
 466.24972534 495.25439453 523.81634521 551.67144775 578.42224121
 603.92004395]","[  0.          18.05372429  36.10744858  54.16117096  72.21489716
  90.26861572 108.32234192 126.37606049 144.42979431 162.48350525
 180.53723145 198.59095764 216.64468384 234.69839478 252.75212097
 270.80584717 288.85958862 306.91333008 324.96704102 343.02078247
 361.07452393]","[14.176509 14.51313  14.655536 14.947397 15.883982 17.067133 17.737955
 18.291018 19.124615 19.601295 19.45602  18.387627 17.397259 17.023409
 16.48614  15.584568 14.697093 14.360919 15.073598]","[0.         0.         0.         0.         0.         0.
 0.         0.         0.         0.02797645 0.01978234 0.
 0.02797645 0.01978234 0.         0.02797645 0.01978234 0.01978234
 0.02797645]",False,05688,images/creativity/left/05688.jpg,images/creativity/right/05688.jpg,1000,-0.24987773821916195,-0.4348358557284977,-0.6847135939476596,20,18,24,24
595.4533081054688,400.62884521484375,1.4862966439327334,13.905364990234375,16.884357452392578,264.2019348144531,1.8242950439453125,0.007592805195599794,0.03426402062177658,0.14426329731941223,20,21,"[  0.          23.38066864  48.00954437  74.03479767 101.45973206
 130.24559021 160.2605896  191.21118164 222.76455688 254.7651062
 287.1289978  319.72033691 352.48269653 385.34439087 418.11773682
 450.44699097 481.87329102 512.12750244 541.07885742 568.79302979
 595.45330811]","[  0.          20.03144264  40.06288528  60.09432983  80.12577057
 100.1572113  120.18865967 140.22009277 160.25154114 180.28297424
 200.31442261 220.34587097 240.37731934 260.40875244 280.44018555
 300.47161865 320.50308228 340.53451538 360.56594849 380.59738159
 400.62884521]","[11.018281 11.065764 11.404253 12.11899  12.572547 13.282637 14.290764
 15.381209 15.911422 16.463766 16.884357 16.585253 15.921049 14.54516
 13.774744 13.340439 13.238418 13.316796 13.086072]","[0.         0.         0.         0.         0.         0.
 0.         0.         0.         0.03426402 0.03426402 0.
 0.         0.         0.01978234 0.02797645 0.02797645 0.
 0.        ]",False,05698,images/creativity/left/05698.jpg,images/creativity/right/05698.jpg,1000,-1.1833014596890483,-1.3199076388100466,-2.503209098499095,44,43,44,44
651.307861328125,392.1851806640625,1.6607151249960703,17.452484130859375,20.666879653930664,331.5971984863281,2.003962993621826,0.004164703190326691,0.01978234015405178,0.07912936061620712,20,21,"[  0.          24.67201996  50.41706085  77.57203674 106.13500977
 135.8862915  166.58053589 197.87380981 229.52836609 261.48822021
 293.99636841 327.3996582  361.6897583  396.89077759 432.95544434
 469.60751343 506.58483887 544.03222656 581.15612793 616.9732666
 651.30786133]","[  0.          19.60926056  39.21852112  58.82778168  78.43704224
  98.04629517 117.65555573 137.26480103 156.87406921 176.48332214
 196.09259033 215.70185852 235.31112671 254.92036438 274.52963257
 294.1388855  313.74813843 333.35739136 352.96664429 372.57589722
 392.18515015]","[14.73131  14.417811 13.971356 14.50255  15.278231 16.245005 16.944094
 17.275696 18.109129 17.970963 18.114664 18.788446 19.320812 19.5228
 20.66688  20.20005  18.414263 18.100403 19.022701]","[0.01978234 0.         0.01978234 0.         0.         0.
 0.         0.         0.01978234 0.01978234 0.         0.
 0.         0.         0.         0.         0.         0.
 0.        ]",False,05783,images/creativity/left/05783.jpg,images/creativity/right/05783.jpg,1000,-0.3092521898397455,-0.13316342959272143,-0.44241561943246693,18,19,17,17
610.1992797851562,380.83837890625,1.602252592130079,15.876429557800293,18.060216903686523,301.65216064453125,1.6177927255630493,0.005410108715295792,0.03426402062177658,0.10279206186532974,20,21,"[  0.          26.90686035  55.06492615  84.62542725 115.50117493
 147.37908936 179.79547119 212.24710083 244.51934814 276.68762207
 308.7171936  340.5352478  372.12133789 403.54922485 434.85897827
 465.92434692 496.61477661 526.66821289 555.70581055 583.5748291
 610.19927979]","[  0.          19.0419178   38.0838356   57.12575531  76.1676712
  95.2095871  114.25151062 133.29342651 152.33535767 171.37727356
 190.41918945 209.46112061 228.5030365  247.54493713 266.58685303
 285.62878418 304.67071533 323.71264648 342.75454712 361.79647827
 380.83840942]","[13.317225  13.3017235 13.422425  13.950817  14.737058  15.835533
 17.05116   17.567247  17.74266   18.060217  18.0161    17.880499
 17.152485  16.64784   16.189856  15.546922  15.204664  15.193669
 14.834077 ]","[0.         0.         0.         0.         0.         0.
 0.         0.         0.         0.03426402 0.         0.
 0.03426402 0.03426402 0.         0.         0.         0.
 0.        ]",False,05882,images/creativity/left/05882.jpg,images/creativity/right/05882.jpg,1000,-0.6022207666415632,-0.6604571470681346,-1.2626779137096977,35,34,33,33
559.4757080078125,341.9786071777344,1.6359962180822607,16.863563537597656,18.143871307373047,320.40771484375,0.7579302787780762,0.0,0.0,0.0,20,21,"[  0.          26.79104042  54.83956528  84.45960999 115.26371002
 146.54519653 177.7767334  208.45407104 237.94226074 266.07232666
 293.05993652 319.17150879 344.6725769  369.9055481  395.28509521
 421.23901367 448.41229248 476.86077881 505.35806274 532.95727539
 559.47570801]","[  0.          17.09892845  34.19786072  51.29679108  68.39572144
  85.49465179 102.59358215 119.69250488 136.79144287 153.8903656
 170.98930359 188.08824158 205.18717957 222.28610229 239.38504028
 256.48397827 273.58291626 290.68185425 307.78076172 324.87969971
 341.9786377 ]","[17.41905  17.308842 17.146545 17.431515 18.143871 17.425688 16.458233
 16.48958  16.521578 16.530294 16.625095 16.75292  16.682947 16.696182
 17.93635  16.287298 14.920945 15.784189 17.846598]",[0. 0. 0. 0. 0. 0. 0. 0. 0. 0. 0. 0. 0. 0. 0. 0. 0. 0. 0.],False,05959,images/creativity/left/05959.jpg,images/creativity/right/05959.jpg,1000,-0.4331240548380568,-0.3301960287342972,-0.763320083572354,21,23,20,20
564.667236328125,357.206787109375,1.5807852949760068,15.426774024963379,16.70545196533203,293.10870361328125,1.1328365802764893,0.001472444855608046,0.02797645330429077,0.02797645330429077,20,21,"[  0.          24.91959572  51.04902649  78.1391449  105.77822876
 133.82720947 162.23078918 190.9052887  219.77963257 248.85949707
 278.2175293  307.86755371 337.72106934 367.7010498  397.72976685
 427.52645874 456.77056885 485.22314453 512.70037842 539.13647461
 564.6673584 ]","[  0.          17.86033821  35.72067642  53.58101654  71.44135284
  89.30168915 107.16203308 125.02236938 142.88270569 160.74304199
 178.6033783  196.4637146  214.3240509  232.18437195 250.04470825
 267.90505981 285.76541138 303.62576294 321.48608398 339.34643555
 357.20678711]","[15.46541   14.110514  15.12198   16.260061  16.481627  16.579712
 16.62162   16.705452  16.68799   16.439224  16.460354  16.333775
 15.559798  14.560545  14.17439   14.022807  13.845248  13.846903
 13.8312845]","[0.         0.         0.         0.         0.         0.02797645
 0.         0.         0.         0.         0.         0.
 0.         0.         0.         0.         0.         0.
 0.        ]",False,05989,images/creativity/left/05989.jpg,images/creativity/right/05989.jpg,1000,-0.7097981018457447,-0.8108964412054932,-1.520694543051238,38,37,40,40
